,,,,,,,,,,,,,,,,,,,,,,,
,,,,,,,,,,,,,,,,,,,,,,,
Year,Local Authority County,Code,Public_FT_employees,Public_PT_employees,Public_Tot_employees,Public_Tot_employment,Private_FT_employees,Private_PT_employees,Private_Tot_employees,Private_Tot_employment,Total_FT_Employees,Total_PT_Employees,Total_Tot_employees,Total_Employment,,,,,,,,,
2009,City of London,E09000001,16102,2203,18304,18346,264922,37988,302909,313519,281023,40190,321214,331866,,,,,,,,,
2009,Barking and Dagenham,E09000002,3804,5384,9187,9199,25882,8130,34012,35031,29685,13513,43199,44230,,,,,,,,,
2009,Barnet,E09000003,16146,9841,25987,26081,58348,28639,86987,91065,74493,38481,112974,117146,,,,,,,,,
2009,Bexley,E09000004,7095,5665,12760,12760,33952,17010,50962,53306,41047,22675,63722,66066,,,,,,,,,
2009,Brent,E09000005,13496,4489,17985,18039,53578,21173,74751,77542,67074,25662,92735,95581,,,,,,,,,
2009,Bromley,E09000006,13690,6911,20600,20652,53915,28795,82711,86295,67605,35706,103311,106947,,,,,,,,,
2009,Camden,E09000007,30665,7937,38602,38723,189266,52427,241692,251697,219930,60364,280294,290420,,,,,,,,,
2009,Croydon,E09000008,19437,8534,27971,28119,62541,30298,92838,96561,81978,38831,120809,124679,,,,Column name,Sector,Employment type,,,
2009,Ealing,E09000009,12178,5616,17793,17875,66090,22462,88552,91671,78267,28077,106345,109546,,,,Public_FT_employees,Public,Full-Time,,,
2009,Enfield,E09000010,15205,7925,23130,23176,48091,21280,69371,71763,63295,29205,92501,94939,,,,Public_PT_employees,Public,Part-Time,,,
2009,Greenwich,E09000011,13650,7076,20726,20742,30675,15857,46533,48461,44325,22933,67258,69203,,,,Public_Tot_employees,Public,Total,,,
2009,Hackney,E09000012,12283,5354,17637,17796,48409,19609,68018,70748,60692,24963,85655,88544,,,,Public_Tot_employment,Public,Total,,,
2009,Hammersmith and Fulham,E09000013,23615,4352,27967,28137,63193,26903,90096,92401,86808,31255,118063,120538,,,,Private_FT_employees,Private,Full-Time,,,
2009,Haringey,E09000014,8092,6844,14936,15258,29702,15096,44798,47135,37794,21940,59734,62393,,,,Private_PT_employees,Private,Part-Time,,,
2009,Harrow,E09000015,8031,4031,12062,12077,36880,15633,52513,55225,44911,19665,64575,67301,,,,Private_Tot_employees,Private,Total,,,
2009,Havering,E09000016,10487,6037,16524,16532,36048,18988,55036,57624,46536,25025,71561,74156,,,,Private_Tot_employment,Private,Total,,,
2009,Hillingdon,E09000017,15402,5379,20781,20815,123964,38949,162912,165730,139366,44328,183693,186545,,,,Total_FT_Employees,Total,Full-Time,,,
2009,Hounslow,E09000018,12390,5101,17491,17513,79813,24949,104763,107256,92203,30050,122253,124769,,,,Total_PT_Employees,Total,Part-Time,,,
2009,Islington,E09000019,26574,7184,33758,33788,115554,33146,148700,154366,142128,40329,182458,188154,,,,Total_Tot_employees,Total,Total,,,
2009,Kensington and Chelsea,E09000020,15991,5305,21297,21432,63368,25973,89341,92133,79359,31279,110638,113566,,,,Total_Employment,Total,Total,,,
2009,Kingston upon Thames,E09000021,8771,6391,15162,15167,40875,19608,60483,62193,49646,25999,75645,77360,,,,,,,,,
2009,Lambeth,E09000022,27845,6806,34651,34747,63945,27808,91753,95191,91790,34614,126404,129937,,,,,,,,,
2009,Lewisham,E09000023,9934,7793,17727,17801,26910,13843,40753,42852,36844,21636,58480,60653,,,,,,,,,
2009,Merton,E09000024,6629,3682,10311,10338,38553,16199,54751,56765,45181,19881,65062,67103,,,,,,,,,
2009,Newham,E09000025,17238,6881,24119,24138,32347,16089,48436,50592,49585,22970,72556,74730,,,,,,,,,
2009,Redbridge,E09000026,10940,7143,18083,18096,30784,16088,46873,48962,41724,23231,64955,67059,,,,,,,,,
2009,Richmond upon Thames,E09000027,7083,3510,10593,10611,40896,16902,57798,60621,47979,20412,68391,71232,,,,,,,,,
2009,Southwark,E09000028,25697,5918,31615,31668,107204,34102,141306,146281,132901,40020,172922,177949,,,,,,,,,
2009,Sutton,E09000029,8815,6273,15088,15197,34256,14109,48365,50490,43071,20382,63454,65686,,,,,,,,,
2009,Tower Hamlets,E09000030,30945,7613,38558,39299,135646,30167,165813,169555,166592,37780,204372,208854,,,,,,,,,
2009,Waltham Forest,E09000031,9137,4978,14115,14141,27208,12575,39783,41440,36345,17553,53898,55580,,,,,,,,,
2009,Wandsworth,E09000032,19573,5736,25309,25330,54619,23317,77936,80926,74192,29053,103246,106256,,,,,,,,,
2009,Westminster,E09000033,78116,13050,91166,91909,398802,120676,519478,541053,476918,133727,610645,632963,,,,,,,,,
2009,Inner London,E13000001,342671,92976,435647,438373,1593886,477146,2071031,2148450,1936557,570121,2506679,2586823,,,,,,,,,
2009,Outer London,E13000002,212384,113965,326349,327129,922349,387644,1309994,1358000,1134734,501609,1636343,1685129,,,,,,,,,
2009,North East,E12000001,177771,99075,276846,284539,500107,234730,734837,765419,677878,333804,1011682,1049958,,,,,,,,,
2009,North West,E12000002,438228,253554,691783,715287,1612103,707807,2319910,2402965,2050331,961361,3011692,3118252,,,,,,,,,
2009,Yorkshire and The Humber,E12000003,333458,198761,532219,554045,1122332,569863,1692195,1775076,1455790,768624,2224415,2329121,,,,,,,,,
2009,East Midlands,E12000004,221454,177885,399339,419490,1044387,463257,1507645,1575296,1265841,641142,1906984,1994786,,,,,,,,,
2009,West Midlands,E12000005,303381,207067,510448,534217,1251838,539989,1791827,1869272,1555220,747055,2302275,2403489,,,,,,,,,
2009,East,E12000006,287090,198797,485887,506034,1324936,611719,1936655,2034001,1612026,810516,2422542,2540035,,,,,,,,,
2009,London,E12000007,555380,207052,762433,766232,2516235,864790,3381025,3506450,3071615,1071842,4143458,4272682,,,,,,,,,
2009,South East,E12000008,427039,264610,691649,713428,2109992,925542,3035534,3177511,2537030,1190152,3727183,3890939,,,,,,,,,
2009,South West,E12000009,287910,213983,501893,546575,1194994,617556,1812550,1922261,1482905,831539,2314443,2468836,,,,,,,,,
2009,Wales,W92000004,212601,129527,342128,388910,553106,275900,829006,878129,765708,405426,1171134,1267039,,,,,,,,,
2009,Scotland,S92000003,423356,243697,667053,710199,1212528,527202,1739729,1812854,1635884,770899,2406782,2523054,,,,,,,,,
2009,England,E92000001,3031712,1820785,4852497,5039846,12676924,5535252,18212177,19028251,15708636,7356037,23064674,24068097,,,,,,,,,
2009,Great Britain,K03000001,3667669,2194009,5861678,6138956,14442558,6338353,20780913,21719234,18110227,8532362,26642590,27858190,,,,,,,,,
2010,City of London,E09000001,17608,1940,19548,19603,285116,40438,325539,337020,302724,42378,345087,356623,,,,,,,,,
2010,Barking and Dagenham,E09000002,6695,5775,12470,12494,26623,8391,35012,35843,33318,14166,47482,48337,,,,,,,,,
2010,Barnet,E09000003,15146,10899,26045,26063,57701,28317,86015,89687,72847,39216,112059,115750,,,,,,,,,
2010,Bexley,E09000004,7445,5167,12613,12620,34309,17770,52077,54080,41754,22938,64690,66700,,,,,,,,,
2010,Brent,E09000005,14144,6906,21050,21083,54185,21532,75715,77917,68329,28438,96765,99000,,,,,,,,,
2010,Bromley,E09000006,12078,9483,21561,21586,50663,28154,78815,81883,62742,37637,100376,103469,,,,,,,,,
2010,Camden,E09000007,34430,9917,44347,44431,182870,52803,235662,244822,217299,62721,280009,289253,,,,,,,,,
2010,Croydon,E09000008,20715,8769,29483,29568,60547,29153,89695,92737,81261,37922,119179,122305,,,,,,,,,
2010,Ealing,E09000009,12759,7239,19998,20057,66016,23406,89419,92064,78775,30645,109417,112121,,,,,,,,,
2010,Enfield,E09000010,14581,9720,24301,24467,46409,22934,69342,71296,60990,32655,93643,95763,,,,,,,,,
2010,Greenwich,E09000011,14498,7120,21619,21701,29414,16873,46285,48000,43912,23994,67904,69701,,,,,,,,,
2010,Hackney,E09000012,13660,5245,18905,18954,48539,18103,66640,69532,62199,23348,85545,88486,,,,,,,,,
2010,Hammersmith and Fulham,E09000013,26035,4354,30389,30433,67176,27970,95141,97605,93211,32324,125530,128039,,,,,,,,,
2010,Haringey,E09000014,11173,4880,16053,16068,28290,15562,43851,45877,39463,20442,59904,61945,,,,,,,,,
2010,Harrow,E09000015,6694,6405,13099,13104,37475,15071,52545,54633,44169,21476,65644,67737,,,,,,,,,
2010,Havering,E09000016,11240,5689,16929,16929,35035,19191,54224,56244,46275,24880,71153,73173,,,,,,,,,
2010,Hillingdon,E09000017,14812,6485,21297,21404,121930,39184,161111,163375,136742,45669,182408,184779,,,,,,,,,
2010,Hounslow,E09000018,19398,5429,24827,24842,74273,26303,100574,102759,93672,31732,125401,127601,,,,,,,,,
2010,Islington,E09000019,28632,5643,34275,34306,118196,31387,149575,154951,146828,37030,183850,189258,,,,,,,,,
2010,Kensington and Chelsea,E09000020,16417,6356,22774,22881,64684,26050,90732,93862,81101,32406,113506,116744,,,,,,,,,
2010,Kingston upon Thames,E09000021,9103,5522,14625,14640,41240,20066,61306,62709,50344,25588,75931,77350,,,,,,,,,
2010,Lambeth,E09000022,29086,7256,36342,36462,60571,26665,87234,89871,89656,33921,123575,126333,,,,,,,,,
2010,Lewisham,E09000023,10817,8079,18896,18984,25588,14453,40040,41777,36405,22532,58936,60761,,,,,,,,,
2010,Merton,E09000024,6920,3337,10257,10257,38985,18013,56995,58764,45905,21349,67251,69021,,,,,,,,,
2010,Newham,E09000025,16126,8205,24331,24690,32235,16504,48738,50372,48361,24709,73069,75061,,,,,,,,,
2010,Redbridge,E09000026,11778,6993,18771,18775,30406,15449,45852,47470,42185,22442,64623,66246,,,,,,,,,
2010,Richmond upon Thames,E09000027,7229,4258,11486,11494,41608,17507,59112,61595,48837,21764,70599,73088,,,,,,,,,
2010,Southwark,E09000028,24890,5331,30222,30251,113434,36735,150163,154869,138324,42066,180385,185120,,,,,,,,,
2010,Sutton,E09000029,9433,6301,15734,15808,35414,14626,50039,51719,44847,20927,65773,67527,,,,,,,,,
2010,Tower Hamlets,E09000030,32715,8673,41388,41604,133973,33099,167069,170516,166689,41771,208457,212121,,,,,,,,,
2010,Waltham Forest,E09000031,10558,5053,15611,15623,27184,12253,39434,40929,37742,17306,55045,56553,,,,,,,,,
2010,Wandsworth,E09000032,20383,5644,26027,26033,53803,22867,76669,79365,74186,28510,102695,105399,,,,,,,,,
2010,Westminster,E09000033,83681,12745,96427,97557,398114,115617,513712,533887,481795,128362,610139,631444,,,,,,,,,
2010,Inner London,E13000001,365654,94268,459922,462260,1612588,478253,2090766,2164327,1978242,572522,2550688,2626587,,,,,,,,,
2010,Outer London,E13000002,225227,126549,351776,352516,909417,394192,1303568,1343703,1134644,520742,1655344,1696219,,,,,,,,,
2010,North East,E12000001,180744,107079,287823,295257,493475,229711,723186,748823,674219,336790,1011009,1044080,,,,,,,,,
2010,North West,E12000002,453620,268005,721625,745554,1561338,697241,2258579,2337684,2014958,965246,2980203,3083238,,,,,,,,,
2010,Yorkshire and The Humber,E12000003,340788,218866,559654,581756,1125919,516723,1642642,1707233,1466707,735588,2202296,2288989,,,,,,,,,
2010,East Midlands,E12000004,238176,185469,423644,444189,1047792,434464,1482256,1542175,1285968,619933,1905901,1986364,,,,,,,,,
2010,West Midlands,E12000005,321549,218925,540474,564997,1227123,544133,1771257,1835589,1548672,763058,2311731,2400586,,,,,,,,,
2010,East,E12000006,293820,210836,504655,525009,1278923,616496,1895418,1972041,1572742,827332,2400073,2497050,,,,,,,,,
2010,London,E12000007,591202,220919,812121,815531,2522005,872446,3394334,3508030,3113207,1093365,4206454,4323562,,,,,,,,,
2010,South East,E12000008,445124,283946,729070,751789,2106839,947488,3054324,3182875,2551963,1231433,3783394,3934664,,,,,,,,,
2010,South West,E12000009,308305,215533,523838,568861,1162518,597931,1760379,1854603,1470823,813464,2284218,2423464,,,,,,,,,
2010,Wales,W92000004,211748,138180,349928,396820,538363,277228,815592,857464,750111,415408,1165520,1254284,,,,,,,,,
2010,Scotland,S92000003,427759,238172,665931,709620,1141827,522754,1664580,1725694,1569586,760926,2330512,2435314,,,,,,,,,
2010,England,E92000001,3173328,1929576,5102904,5292943,12525932,5456632,17982375,18689053,15699261,7386208,23085279,23981996,,,,,,,,,
2010,Great Britain,K03000001,3812835,2305929,6118764,6399383,14206122,6256614,20462547,21272210,18018957,8562543,26581311,27671593,,,,,,,,,
2011,City of London,E09000001,17869,2513,20381,20435,309329,44356,353685,368139,327197,46869,374066,388573,,,,,,,,,
2011,Barking and Dagenham,E09000002,5023,5815,10838,10847,27525,9008,36533,37809,32548,14823,47371,48656,,,,,,,,,
2011,Barnet,E09000003,16001,8675,24676,24738,58051,30354,88405,93606,74052,39029,113081,118344,,,,,,,,,
2011,Bexley,E09000004,6965,5122,12087,12097,32986,18339,51325,53690,39951,23461,63412,65787,,,,,,,,,
2011,Brent,E09000005,14023,7124,21146,21175,54429,22317,76745,79880,68451,29441,97892,101055,,,,,,,,,
2011,Bromley,E09000006,12090,8660,20750,20785,47934,27175,75109,78935,60024,35836,95859,99719,,,,,,,,,
2011,Camden,E09000007,36790,8791,45581,45646,189772,62356,252128,264871,226562,71147,297709,310517,,,,,,,,,
2011,Croydon,E09000008,15724,12273,27997,28083,57605,28114,85719,89351,73329,40387,113716,117433,,,,,,,,,
2011,Ealing,E09000009,14580,6848,21429,21480,70229,26311,96540,99809,84809,33160,117969,121289,,,,,,,,,
2011,Enfield,E09000010,15125,7814,22939,22963,46411,23080,69491,72162,61536,30894,92429,95125,,,,,,,,,
2011,Greenwich,E09000011,14484,8000,22484,22572,29250,17171,46421,48612,43734,25170,68905,71184,,,,,,,,,
2011,Hackney,E09000012,13451,5263,18714,18843,50363,20766,71129,74882,63814,26029,89843,93725,,,,,,,,,
2011,Hammersmith and Fulham,E09000013,23320,3789,27110,27115,67151,28163,95314,98182,90471,31952,122424,125297,,,,,,,,,
2011,Haringey,E09000014,9940,4374,14314,14332,29107,15878,44985,47524,39046,20253,59299,61856,,,,,,,,,
2011,Harrow,E09000015,5802,7085,12888,12950,34667,16380,51047,53797,40470,23465,63935,66747,,,,,,,,,
2011,Havering,E09000016,10677,6078,16754,16764,34435,18806,53241,55895,45112,24884,69995,72659,,,,,,,,,
2011,Hillingdon,E09000017,12659,8626,21285,21326,121161,41234,162394,165280,133820,49859,183679,186606,,,,,,,,,
2011,Hounslow,E09000018,11587,6033,17620,17621,82848,25914,108761,111495,94435,31946,126381,129116,,,,,,,,,
2011,Islington,E09000019,24629,6421,31051,31142,119020,30601,149621,156332,143650,37022,180672,187475,,,,,,,,,
2011,Kensington and Chelsea,E09000020,16123,3610,19732,19840,66631,28134,94765,98635,82754,31744,114498,118475,,,,,,,,,
2011,Kingston upon Thames,E09000021,8796,5821,14617,14634,37366,19059,56425,58316,46162,24880,71042,72950,,,,,,,,,
2011,Lambeth,E09000022,26700,6870,33570,33583,65879,28025,93904,97366,92579,34894,127474,130949,,,,,,,,,
2011,Lewisham,E09000023,12327,4738,17065,17232,26155,15631,41786,43873,38483,20369,58852,61105,,,,,,,,,
2011,Merton,E09000024,6810,3621,10432,10432,40925,18109,59034,61056,47735,21730,69465,71487,,,,,,,,,
2011,Newham,E09000025,18294,4817,23111,23114,34449,17752,52201,54301,52743,22568,75311,77415,,,,,,,,,
2011,Redbridge,E09000026,11732,6597,18328,18388,31009,16324,47334,49486,42741,22921,65662,67874,,,,,,,,,
2011,Richmond upon Thames,E09000027,6991,4220,11211,11213,42051,18683,60735,63943,49042,22903,71945,75156,,,,,,,,,
2011,Southwark,E09000028,32409,8012,40421,40569,110555,36716,147271,153573,142964,44728,187692,194142,,,,,,,,,
2011,Sutton,E09000029,8946,6392,15338,15429,36908,15244,52152,54263,45855,21636,67490,69691,,,,,,,,,
2011,Tower Hamlets,E09000030,33739,8814,42553,42874,156074,34395,190469,194779,189813,43209,233022,237653,,,,,,,,,
2011,Waltham Forest,E09000031,10748,4961,15709,15822,29114,12867,41981,43999,39861,17828,57690,59821,,,,,,,,,
2011,Wandsworth,E09000032,18937,6132,25069,25078,54081,24241,78322,81656,73018,30373,103391,106735,,,,,,,,,
2011,Westminster,E09000033,71788,14389,86176,86844,407943,127053,534996,557355,479731,141441,621172,644200,,,,,,,,,
2011,Inner London,E13000001,356316,88533,444848,446647,1686509,514067,2200575,2291468,2042825,602599,2645424,2738115,,,,,,,,,
2011,Outer London,E13000002,208764,129763,338527,339316,914903,404489,1319392,1371384,1123667,534253,1657919,1710701,,,,,,,,,
2011,North East,E12000001,170958,100746,271703,278971,494261,240166,734428,757507,665219,340912,1006131,1036478,,,,,,,,,
2011,North West,E12000002,426674,260046,686720,709447,1595866,694674,2290541,2376643,2022540,954720,2977260,3086090,,,,,,,,,
2011,Yorkshire and The Humber,E12000003,317360,212266,529625,551327,1144640,509951,1654590,1722783,1462000,722217,2184216,2274110,,,,,,,,,
2011,East Midlands,E12000004,225018,178488,403507,423521,1058895,439108,1498003,1558876,1283913,617597,1901510,1982397,,,,,,,,,
2011,West Midlands,E12000005,303394,216809,520204,543783,1253675,527628,1781303,1857195,1557069,744437,2301507,2400978,,,,,,,,,
2011,East,E12000006,275751,210526,486277,506459,1287002,631996,1918999,2011806,1562753,842522,2405276,2518265,,,,,,,,,
2011,London,E12000007,565357,218398,783756,786668,2601412,918556,3519967,3662852,3166770,1136954,4303723,4449520,,,,,,,,,
2011,South East,E12000008,422181,273442,695624,717724,2067326,993001,3060327,3203060,2489507,1266443,3755950,3920784,,,,,,,,,
2011,South West,E12000009,286598,213869,500466,544041,1115432,621749,1737180,1849945,1402030,835618,2237646,2393986,,,,,,,,,
2011,Wales,W92000004,214661,135711,350371,396071,546470,273633,820102,865206,761131,409343,1170473,1261277,,,,,,,,,
2011,Scotland,S92000003,407568,233787,641355,682890,1161572,546859,1708433,1789674,1569140,780647,2349788,2472564,,,,,,,,,
2011,England,E92000001,2993291,1884590,4877882,5061942,12618509,5576829,18195338,19000668,15611800,7461419,23073219,24062609,,,,,,,,,
2011,Great Britain,K03000001,3615520,2254088,5869608,6140902,14326551,6397321,20723872,21655547,17942071,8651409,26593480,27796450,,,,,,,,,
2012,City of London,E09000001,18738,2395,21132,21217,318655,44561,363215,379560,337392,46955,384348,400777,,,,,,,,,
2012,Barking and Dagenham,E09000002,4978,5950,10929,10931,27428,9822,37251,38357,32407,15773,48180,49288,,,,,,,,,
2012,Barnet,E09000003,15995,8188,24183,24342,58109,32860,90969,95538,74104,41048,115152,119881,,,,,,,,,
2012,Bexley,E09000004,7209,4942,12151,12172,33661,19686,53347,55395,40871,24628,65498,67568,,,,,,,,,
2012,Brent,E09000005,14424,6493,20916,20932,58331,27219,85550,88574,72755,33711,106466,109506,,,,,,,,,
2012,Bromley,E09000006,10781,7978,18759,18779,48849,30160,79009,83167,59630,38138,97768,101946,,,,,,,,,
2012,Camden,E09000007,34725,7891,42616,42683,194566,66594,261160,273261,229291,74485,303776,315944,,,,,,,,,
2012,Croydon,E09000008,16664,8953,25618,25648,56608,29957,86565,90213,73272,38911,112183,115861,,,,,,,,,
2012,Ealing,E09000009,13296,6391,19687,19704,71797,28215,100013,103393,85093,34607,119700,123097,,,,,,,,,
2012,Enfield,E09000010,15433,7652,23085,23094,49320,25283,74603,76960,64753,32934,97688,100054,,,,,,,,,
2012,Greenwich,E09000011,12335,7381,19716,19719,30989,18753,49742,51657,43324,26134,69458,71376,,,,,,,,,
2012,Hackney,E09000012,11820,5301,17121,17245,51221,22002,73223,76637,63041,27303,90344,93882,,,,,,,,,
2012,Hammersmith and Fulham,E09000013,22564,3697,26260,26353,70503,30381,100884,103908,93066,34077,127144,130260,,,,,,,,,
2012,Haringey,E09000014,9256,3243,12499,12502,30817,17941,48757,51197,40073,21184,61256,63699,,,,,,,,,
2012,Harrow,E09000015,6386,4908,11294,11304,36687,17635,54322,56756,43073,22543,65616,68060,,,,,,,,,
2012,Havering,E09000016,10973,6350,17324,17330,37194,19587,56781,59011,48167,25938,74105,76342,,,,,,,,,
2012,Hillingdon,E09000017,13521,7062,20583,20588,126712,43801,170513,173211,140234,50863,191096,193799,,,,,,,,,
2012,Hounslow,E09000018,12496,5535,18031,18037,90740,28972,119712,122369,103236,34508,137744,140406,,,,,,,,,
2012,Islington,E09000019,23791,7134,30925,30989,120344,35499,155842,162147,144134,42633,186767,193135,,,,,,,,,
2012,Kensington and Chelsea,E09000020,15530,4375,19905,20004,70865,30638,101503,105290,86395,35013,121408,125294,,,,,,,,,
2012,Kingston upon Thames,E09000021,8823,5344,14167,14181,35800,21659,57460,59212,44623,27003,71627,73393,,,,,,,,,
2012,Lambeth,E09000022,26219,6584,32802,32836,66509,31350,97859,101379,92727,37934,130661,134216,,,,,,,,,
2012,Lewisham,E09000023,7909,7545,15454,15654,28788,16799,45587,47493,36697,24345,61041,63147,,,,,,,,,
2012,Merton,E09000024,6488,3343,9831,9839,43809,20138,63947,65826,50297,23482,73778,75665,,,,,,,,,
2012,Newham,E09000025,17517,4706,22223,22230,40410,23558,63968,66062,57927,28264,86191,88292,,,,,,,,,
2012,Redbridge,E09000026,11767,7055,18822,18832,32335,18148,50483,52534,44102,25203,69305,71366,,,,,,,,,
2012,Richmond upon Thames,E09000027,5953,3404,9357,9362,43586,18193,61779,64907,49539,21597,71136,74269,,,,,,,,,
2012,Southwark,E09000028,34616,6967,41583,41649,118411,35289,153700,159797,153027,42256,195283,201447,,,,,,,,,
2012,Sutton,E09000029,9291,4855,14146,14167,35143,18987,54130,55999,44434,23842,68276,70166,,,,,,,,,
2012,Tower Hamlets,E09000030,32222,9527,41749,42025,156058,38065,194123,198388,188280,47592,235872,240413,,,,,,,,,
2012,Waltham Forest,E09000031,11095,5268,16362,16464,29769,14848,44617,46528,40863,20116,60979,62992,,,,,,,,,
2012,Wandsworth,E09000032,18415,6917,25332,25360,56097,26080,82177,85522,74513,32996,107509,110882,,,,,,,,,
2012,Westminster,E09000033,78376,10620,88996,89574,418569,131217,549786,576693,496944,141837,638782,666266,,,,,,,,,
2012,Inner London,E13000001,351697,86900,438597,440320,1741812,549973,2291784,2387335,2093509,636873,2730381,2827655,,,,,,,,,
2012,Outer London,E13000002,207909,117053,324962,325427,946870,443924,1390793,1439607,1154779,560977,1715755,1765033,,,,,,,,,
2012,North East,E12000001,161298,98335,259633,266896,495012,246394,741406,764392,656310,344729,1001039,1031288,,,,,,,,,
2012,North West,E12000002,398987,257270,656257,679370,1594245,736887,2331131,2425082,1993232,994157,2987389,3104452,,,,,,,,,
2012,Yorkshire and The Humber,E12000003,291353,202979,494332,515802,1148885,520540,1669424,1733055,1440238,723519,2163757,2248856,,,,,,,,,
2012,East Midlands,E12000004,209625,167828,377453,397045,1062702,463259,1525961,1580641,1272327,631088,1903414,1977686,,,,,,,,,
2012,West Midlands,E12000005,284639,202118,486757,511111,1275920,560233,1836152,1909935,1560558,762351,2322909,2421046,,,,,,,,,
2012,East,E12000006,268347,199389,467736,487606,1312320,639250,1951570,2037365,1580667,838639,2419307,2524972,,,,,,,,,
2012,London,E12000007,560062,204058,764120,766633,2688682,993898,3682577,3826942,3248744,1197956,4446697,4593575,,,,,,,,,
2012,South East,E12000008,391001,251142,642143,663866,2140755,996798,3137556,3269155,2531756,1247940,3779699,3933020,,,,,,,,,
2012,South West,E12000009,261921,198073,459994,504666,1138993,632821,1771815,1868679,1400915,830893,2231809,2373345,,,,,,,,,
2012,Wales,W92000004,212909,130426,343335,389047,548361,286493,834855,879701,761270,416919,1178189,1268748,,,,,,,,,
2012,Scotland,S92000003,396988,231020,628008,669530,1153874,536778,1690652,1758909,1550862,767798,2318660,2428439,,,,,,,,,
2012,England,E92000001,2827234,1781192,4608426,4792995,12857513,5790079,18647593,19415246,15684747,7571271,23256019,24208241,,,,,,,,,
2012,Great Britain,K03000001,3437131,2142637,5579769,5851572,2012000,2012000,2012000,2012000,17996880,8755988,26752869,27905428,,,,,,,,,
2013,City of London,E09000001,19239,4981,24220,24252,308784,43614,352397,366917,328023,48595,376617,391169,,,,,,,,,
2013,Barking and Dagenham,E09000002,5187,5944,11131,11132,26805,10742,37547,38657,31992,16686,48678,49789,,,,,,,,,
2013,Barnet,E09000003,15582,7872,23454,23743,61930,32857,94787,99872,77512,40730,118241,123615,,,,,,,,,
2013,Bexley,E09000004,6891,5156,12047,12051,35620,19443,55062,57174,42511,24599,67109,69225,,,,,,,,,
2013,Brent,E09000005,14606,6581,21187,21194,60663,26249,86912,90074,75269,32830,108099,111267,,,,,,,,,
2013,Bromley,E09000006,8377,6928,15305,15314,54050,31595,85644,89515,62427,38523,100950,104829,,,,,,,,,
2013,Camden,E09000007,34443,8162,42605,42688,208009,66243,274251,285390,242452,74405,316857,328078,,,,,,,,,
2013,Croydon,E09000008,13597,7941,21538,21549,58290,28459,86749,91355,71887,36400,108287,112905,,,,,,,,,
2013,Ealing,E09000009,11278,8195,19473,19480,73924,27377,101300,104717,85202,35572,120774,124198,,,,,,,,,
2013,Enfield,E09000010,14876,7891,22767,23060,48756,23827,72582,75116,63632,31718,95349,98176,,,,,,,,,
2013,Greenwich,E09000011,13065,7374,20439,20442,33089,19215,52303,54061,46153,26589,72742,74503,,,,,,,,,
2013,Hackney,E09000012,10809,3106,13915,14737,54881,21034,75915,80100,65690,24140,89830,94837,,,,,,,,,
2013,Hammersmith and Fulham,E09000013,18521,3290,21810,21839,71372,33989,105361,108428,89893,37278,127171,130267,,,,,,,,,
2013,Haringey,E09000014,8540,2847,11387,11390,32092,19109,51201,53576,40632,21956,62588,64967,,,,,,,,,
2013,Harrow,E09000015,6265,4829,11094,11099,39195,18332,57526,60116,45460,23161,68620,71215,,,,,,,,,
2013,Havering,E09000016,10851,6002,16852,16855,38527,19187,57713,60169,49377,25189,74566,77023,,,,,,,,,
2013,Hillingdon,E09000017,15507,7470,22977,22992,129359,45026,174385,177031,144867,52496,197362,200023,,,,,,,,,
2013,Hounslow,E09000018,11979,5236,17215,17219,95362,28504,123867,126084,107341,33740,141081,143304,,,,,,,,,
2013,Islington,E09000019,25751,8298,34049,34080,126184,41402,167586,173819,151936,49699,201635,207900,,,,,,,,,
2013,Kensington and Chelsea,E09000020,15092,3443,18534,18543,72511,29747,102258,106559,87603,33190,120793,125102,,,,,,,,,
2013,Kingston upon Thames,E09000021,7449,5794,13243,13246,37445,21380,58825,60548,44894,27174,72068,73794,,,,,,,,,
2013,Lambeth,E09000022,25370,7488,32858,32989,73752,33117,106869,109992,99122,40605,139727,142981,,,,,,,,,
2013,Lewisham,E09000023,9119,6694,15814,16213,29983,17151,47134,48899,39102,23845,62947,65112,,,,,,,,,
2013,Merton,E09000024,6920,3976,10896,10915,47151,21002,68153,70149,54071,24978,79049,81064,,,,,,,,,
2013,Newham,E09000025,15958,6169,22127,22139,42279,23394,65673,67487,58237,29563,87799,89626,,,,,,,,,
2013,Redbridge,E09000026,11245,5967,17212,17214,34214,18415,52630,54743,45460,24382,69842,71957,,,,,,,,,
2013,Richmond upon Thames,E09000027,5882,2961,8843,8843,46657,18479,65136,68574,52539,21440,73979,77418,,,,,,,,,
2013,Southwark,E09000028,33675,6619,40294,40321,119387,37558,156946,163037,153062,44178,197240,203358,,,,,,,,,
2013,Sutton,E09000029,9389,4718,14107,14120,35390,18389,53779,55675,44779,23106,67885,69795,,,,,,,,,
2013,Tower Hamlets,E09000030,31385,8928,40313,40319,166986,42864,209850,213873,198371,51792,250163,254192,,,,,,,,,
2013,Waltham Forest,E09000031,11598,5252,16850,17034,35030,15544,50574,52511,46628,20796,67424,69545,,,,,,,,,
2013,Wandsworth,E09000032,17205,6717,23921,23924,57955,26751,84706,87585,75160,33467,108627,111509,,,,,,,,,
2013,Westminster,E09000033,83369,10923,94292,95131,441433,129514,570947,598276,524803,140437,665239,693407,,,,,,,,,
2013,Inner London,E13000001,348475,87664,436139,438565,1805610,565486,2371093,2463939,2154085,653150,2807232,2902505,,,,,,,,,
2013,Outer London,E13000002,200542,116087,316629,317501,991458,444020,1435477,1486143,1192000,560107,1752105,1803644,,,,,,,,,
2013,North East,E12000001,157914,90671,248584,256020,513540,244259,757800,782906,671454,334930,1006384,1038926,,,,,,,,,
2013,North West,E12000002,399108,239708,638815,661338,1646148,731779,2377926,2454234,2045255,971486,3016741,3115572,,,,,,,,,
2013,Yorkshire and The Humber,E12000003,300856,185386,486242,507047,1170098,536501,1706598,1777346,1470953,721887,2192840,2284393,,,,,,,,,
2013,East Midlands,E12000004,229831,132973,362805,382122,1066869,477733,1544603,1599945,1296700,610706,1907408,1982068,,,,,,,,,
2013,West Midlands,E12000005,289212,198203,487415,511131,1297593,554928,1852521,1920404,1586805,753131,2339936,2431535,,,,,,,,,
2013,East,E12000006,256029,197679,453708,472852,1344985,648366,1993352,2079827,1601014,846045,2447060,2552679,,,,,,,,,
2013,London,E12000007,549451,203857,753309,756901,2797068,1009506,3806569,3950083,3346519,1213363,4559878,4706983,,,,,,,,,
2013,South East,E12000008,396466,250721,647187,668432,2149012,1028433,3177446,3306772,2545478,1279154,3824633,3975204,,,,,,,,,
2013,South West,E12000009,261079,192718,453797,496617,1170459,641637,1812096,1897482,1431538,834355,2265892,2394099,,,,,,,,,
2013,Wales,W92000004,206916,139567,346483,387449,560863,279827,840689,887493,767779,419394,1187172,1274941,,,,,,,,,
2013,Scotland,S92000003,392780,238205,630985,670811,1171275,546123,1717397,1790244,1564055,784328,2348382,2461055,,,,,,,,,
2013,England,E92000001,2839945,1691915,4531862,4712460,13155772,5873141,19028910,19768998,15995717,7565056,23560772,24481459,,,,,,,,,
2013,Great Britain,K03000001,3439641,2069687,5509330,5770720,14887909,6699091,21586997,22446735,18327550,8768778,27096327,28217456,,,,,,,,,
2014,City of London,E09000001,12055,2071,14126,14160,336903,49134,386037,399345,348958,51205,400163,413505,,,,,,,,,
2014,Barking and Dagenham,E09000002,6397,4314,10711,10713,27899,11157,39056,39987,34296,15471,49767,50701,,,,,,,,,
2014,Barnet,E09000003,15301,8309,23610,23764,66134,33615,99749,103804,81435,41924,123360,127568,,,,,,,,,
2014,Bexley,E09000004,6563,4554,11117,11133,36968,19958,56926,58780,43531,24511,68042,69913,,,,,,,,,
2014,Brent,E09000005,14606,5610,20216,20238,63917,27834,91751,94420,78523,33444,111967,114658,,,,,,,,,
2014,Bromley,E09000006,8011,6710,14722,14752,56807,31541,88348,91311,64818,38252,103070,106063,,,,,,,,,
2014,Camden,E09000007,35476,8613,44089,44117,220751,73355,294106,303762,256227,81968,338195,347879,,,,,,,,,
2014,Croydon,E09000008,15804,7875,23679,23708,61904,29586,91490,94153,77708,37460,115169,117861,,,,,,,,,
2014,Ealing,E09000009,12174,5765,17940,18006,81205,30664,111869,114528,93379,36429,129809,132534,,,,,,,,,
2014,Enfield,E09000010,15300,6708,22008,22020,51817,25588,77404,79474,67117,32295,99412,101494,,,,,,,,,
2014,Greenwich,E09000011,12320,8205,20525,20527,33524,19573,53097,54667,45843,27779,73622,75194,,,,,,,,,
2014,Hackney,E09000012,13635,5552,19187,19191,60834,22457,83291,86959,74469,28009,102478,106150,,,,,,,,,
2014,Hammersmith and Fulham,E09000013,18275,3168,21443,21456,72791,33648,106439,108970,91066,36816,127882,130426,,,,,,,,,
2014,Haringey,E09000014,8742,3701,12443,12458,36037,19648,55685,57772,44779,23349,68128,70230,,,,,,,,,
2014,Harrow,E09000015,5882,4852,10734,10744,41387,19674,61061,63320,47269,24526,71795,74064,,,,,,,,,
2014,Havering,E09000016,10605,5791,16396,16402,40136,20860,60996,62895,50741,26651,77392,79298,,,,,,,,,
2014,Hillingdon,E09000017,16159,7097,23256,23308,134672,43910,178582,180950,150831,51007,201838,204258,,,,,,,,,
2014,Hounslow,E09000018,11710,4956,16665,16678,92866,28901,121768,123804,104576,33857,138433,140482,,,,,,,,,
2014,Islington,E09000019,21694,9272,30966,30971,135290,42203,177493,182669,156985,51475,208459,213640,,,,,,,,,
2014,Kensington and Chelsea,E09000020,14692,3572,18264,18546,74179,29758,103937,107077,88872,33330,122202,125623,,,,,,,,,
2014,Kingston upon Thames,E09000021,7450,4940,12389,12405,38103,20563,58666,60112,45553,25502,71055,72516,,,,,,,,,
2014,Lambeth,E09000022,26931,7629,34559,34564,77237,35118,112356,114893,104168,42747,146915,149457,,,,,,,,,
2014,Lewisham,E09000023,10048,6304,16352,16357,30746,17364,48110,49800,40794,23668,64462,66157,,,,,,,,,
2014,Merton,E09000024,6727,3077,9803,9806,47767,21035,68802,70277,54494,24112,78605,80084,,,,,,,,,
2014,Newham,E09000025,16070,5999,22069,22090,48576,24141,72717,74402,64647,30140,94786,96492,,,,,,,,,
2014,Redbridge,E09000026,11418,6045,17463,17475,37860,19086,56946,58850,49278,25131,74409,76325,,,,,,,,,
2014,Richmond upon Thames,E09000027,5662,3095,8758,8770,48168,19285,67453,69693,53830,22380,76210,78463,,,,,,,,,
2014,Southwark,E09000028,33674,6730,40404,40455,132133,37875,170008,175221,165807,44605,210411,215677,,,,,,,,,
2014,Sutton,E09000029,8603,4663,13266,13295,35840,19795,55635,57201,44444,24458,68902,70496,,,,,,,,,
2014,Tower Hamlets,E09000030,33142,8837,41979,42078,170739,42806,213545,217930,203881,51644,255525,260008,,,,,,,,,
2014,Waltham Forest,E09000031,11293,5261,16554,16661,37639,16497,54135,55828,48931,21758,70689,72489,,,,,,,,,
2014,Wandsworth,E09000032,17340,7289,24628,24636,59850,27511,87361,90058,77189,34800,111989,114693,,,,,,,,,
2014,Westminster,E09000033,82582,10360,92942,93289,457360,130693,588053,608819,539941,141053,680995,702108,,,,,,,,,
2014,Inner London,E13000001,344356,89097,433452,434369,1913427,585712,2499138,2577677,2257782,674809,2932590,3012045,,,,,,,,,
2014,Outer London,E13000002,201986,107826,309812,310405,1034614,459121,1493734,1534055,1236600,566947,1803546,1844460,,,,,,,,,
2014,North East,E12000001,150050,91241,241291,248756,535840,256595,792436,817176,685890,347836,1033726,1065932,,,,,,,,,
2014,North West,E12000002,380717,229649,610366,634221,1709176,766094,2475270,2549683,2089893,995743,3085636,3183904,,,,,,,,,
2014,Yorkshire and The Humber,E12000003,282011,177839,459851,481328,1242834,558512,1801346,1860534,1524845,736351,2261197,2341861,,,,,,,,,
2014,East Midlands,E12000004,218870,129342,348212,368096,1121307,477828,1599136,1649105,1340177,607170,1947348,2017200,,,,,,,,,
2014,West Midlands,E12000005,276884,180903,457787,481645,1375035,571149,1946184,2005107,1651919,752052,2403970,2486752,,,,,,,,,
2014,East,E12000006,243557,186169,429726,449431,1446664,680442,2127105,2209877,1690222,866611,2556831,2659308,,,,,,,,,
2014,London,E12000007,546771,197019,743790,745580,2948041,1044833,3992872,4111732,3494811,1241852,4736662,4857311,,,,,,,,,
2014,South East,E12000008,368402,246491,614893,636070,2281395,1011750,3293145,3410620,2649797,1258241,3908038,4046690,,,,,,,,,
2014,South West,E12000009,246179,180255,426435,469976,1276542,649455,1925997,2008243,1522721,829710,2352432,2478219,,,,,,,,,
2014,Wales,W92000004,192275,136481,328756,371668,594577,285351,879929,921004,786853,421832,1208684,1292672,,,,,,,,,
2014,Scotland,S92000003,376825,222300,599125,638597,1267634,570331,1837965,1901572,1644459,792632,2437089,2540169,,,,,,,,,
2014,England,E92000001,2713440,1618908,4332349,4515101,13936834,6016658,19953490,20622077,16650274,7635566,24285839,25137178,,,,,,,,,
2014,Great Britain,K03000001,3282540,1977689,5260230,5525367,15799045,6872341,22671383,23444653,19081585,8850029,27931613,28970019,,,,,,,,,
2015,City of London,E09000001,13236,2391,15627,15655,366110,57463,423572,439850,379345,59854,439199,455505,,,,,,,,,
2015,Barking and Dagenham,E09000002,7034,3972,11006,11020,28116,11466,39582,41164,35150,15438,50588,52184,,,,,,,,,
2015,Barnet,E09000003,14598,8113,22712,22762,70951,34887,105839,110781,85550,43001,128550,133543,,,,,,,,,
2015,Bexley,E09000004,6577,4271,10848,10886,39348,20891,60238,62275,45925,25162,71086,73161,,,,,,,,,
2015,Brent,E09000005,16057,4465,20523,20594,67006,26842,93848,96558,83063,31308,114371,117152,,,,,,,,,
2015,Bromley,E09000006,8555,5869,14424,14466,58365,32029,90393,94449,66920,37898,104818,108914,,,,,,,,,
2015,Camden,E09000007,35304,8867,44171,44454,228579,68303,296882,309098,263883,77170,341053,353552,,,,,,,,,
2015,Croydon,E09000008,15663,7688,23351,23392,62416,30663,93079,96115,78079,38351,116431,119507,,,,,,,,,
2015,Ealing,E09000009,13605,4323,17928,17947,78782,31660,110442,113366,92387,35983,128370,131313,,,,,,,,,
2015,Enfield,E09000010,14369,7707,22075,22282,54380,25966,80345,83178,68749,33672,102421,105460,,,,,,,,,
2015,Greenwich,E09000011,12794,8977,21771,21775,36370,21751,58121,60114,49164,30727,79891,81889,,,,,,,,,
2015,Hackney,E09000012,14244,5430,19674,19724,65585,23396,88981,93238,79829,28826,108654,112962,,,,,,,,,
2015,Hammersmith and Fulham,E09000013,17729,3277,21006,21062,79464,34098,113562,116536,97194,37374,134568,137598,,,,,,,,,
2015,Haringey,E09000014,9366,3602,12969,12990,35564,19326,54889,57679,44930,22928,67858,70669,,,,,,,,,
2015,Harrow,E09000015,5887,4916,10803,10822,41783,18443,60226,62655,47670,23359,71029,73477,,,,,,,,,
2015,Havering,E09000016,10902,5619,16521,16548,41099,21440,62537,64788,52001,27059,79058,81336,,,,,,,,,
2015,Hillingdon,E09000017,14607,8881,23488,23564,120552,37029,157581,160739,135159,45910,181069,184303,,,,,,,,,
2015,Hounslow,E09000018,10249,3775,14024,14042,105622,41435,147057,149334,115871,45211,161082,163376,,,,,,,,,
2015,Islington,E09000019,22338,5256,27594,27604,155832,39141,194973,201021,178170,44397,222567,228624,,,,,,,,,
2015,Kensington and Chelsea,E09000020,13634,6015,19649,19655,79006,29119,108126,112869,92640,35135,127775,132523,,,,,,,,,
2015,Kingston upon Thames,E09000021,7229,4858,12087,12112,44317,25264,69581,71440,51547,30121,81668,83552,,,,,,,,,
2015,Lambeth,E09000022,27420,8961,36381,36447,80498,36252,116750,126031,107918,45213,153131,162479,,,,,,,,,
2015,Lewisham,E09000023,10096,6659,16755,17107,32097,18443,50540,52623,42193,25102,67295,69729,,,,,,,,,
2015,Merton,E09000024,6553,3241,9794,9812,47529,21630,69159,71057,54082,24871,78954,80869,,,,,,,,,
2015,Newham,E09000025,16118,5896,22015,22028,50465,27110,77575,79804,66583,33006,99590,101832,,,,,,,,,
2015,Redbridge,E09000026,11325,6065,17391,17398,39788,19711,59499,61828,51113,25777,76890,79226,,,,,,,,,
2015,Richmond upon Thames,E09000027,6636,2736,9371,9399,50158,21497,71655,74675,56794,24233,81027,84074,,,,,,,,,
2015,Southwark,E09000028,34141,7242,41383,41595,145696,38014,183710,190598,179837,45256,225093,232193,,,,,,,,,
2015,Sutton,E09000029,8352,4624,12977,13022,37152,20010,57162,59087,45504,24634,70138,72109,,,,,,,,,
2015,Tower Hamlets,E09000030,32392,10864,43255,43293,190877,41442,232319,237620,223269,52306,275574,280913,,,,,,,,,
2015,Waltham Forest,E09000031,10646,4918,15564,15601,36181,16437,52619,54877,46827,21355,68183,70478,,,,,,,,,
2015,Wandsworth,E09000032,17704,7656,25360,25395,63507,27581,91088,94335,81210,35237,116447,119730,,,,,,,,,
2015,Westminster,E09000033,82634,11573,94206,95383,470251,134641,604893,631117,552885,146214,699099,726500,,,,,,,,,
2015,Inner London,E13000001,346355,93689,440043,442390,2043531,594329,2637860,2742419,2389886,688017,3077903,3184810,,,,,,,,,
2015,Outer London,E13000002,201639,105018,306658,307443,1059915,479051,1538964,1588480,1261554,584069,1845622,1895923,,,,,,,,,
2015,North East,E12000001,144051,85022,229073,229202,568508,265888,834395,865224,712559,350910,1063468,1094425,,,,,,,,,
2015,North West,E12000002,375007,229337,604344,605867,1782013,776005,2558017,2657330,2157020,1005343,3162361,3263197,,,,,,,,,
2015,Yorkshire and The Humber,E12000003,274504,175898,450402,451161,1294666,585265,1879930,1963706,1569170,761163,2330332,2414867,,,,,,,,,
2015,East Midlands,E12000004,194883,134820,329703,330845,1185365,495247,1680611,1760411,1380248,630067,2010314,2091256,,,,,,,,,
2015,West Midlands,E12000005,264869,169698,434642,435724,1441913,587978,2029896,2111121,1706783,757676,2464538,2546846,,,,,,,,,
2015,East,E12000006,227937,176063,404000,404472,1527686,697804,2225489,2316270,1755622,873867,2629489,2720742,,,,,,,,,
2015,London,E12000007,547994,198707,746701,749833,3103446,1073379,4176825,4330899,3651440,1272086,4923526,5080733,,,,,,,,,
2015,South East,E12000008,359384,238190,597574,599313,2416315,1059298,3475613,3606641,2775699,1297488,4073187,4205954,,,,,,,,,
2015,South West,E12000009,231457,166853,398310,399270,1327147,661820,1988967,2116354,1558604,828673,2387277,2515624,,,,,,,,,
2015,Wales,W92000004,171414,127341,298755,299047,620323,313162,933485,1022490,791738,440503,1232240,1321537,,,,,,,,,
2015,Scotland,S92000003,356731,220209,576940,577069,1269109,615823,1884931,1986940,1625840,836032,2461871,2564009,,,,,,,,,
2015,England,E92000001,2620087,1574587,4194749,4205688,14647058,6202684,20849743,21727955,17267145,7777272,25044492,25933644,,,,,,,,,
2015,Great Britain,K03000001,3148232,1922138,5070445,5081804,16536490,7131668,23668158,24737385,19684722,9053806,28738603,29819189,,,,,,,,,
2016,City of London,E09000001,14769,2773,17542,17579,390521,63578,454099,471216,405290,66351,471641,488795,,,,,,,,,
2016,Barking and Dagenham,E09000002,6573,3884,10456,10461,29737,12040,41777,42835,36310,15923,52234,53296,,,,,,,,,
2016,Barnet,E09000003,13901,7915,21816,21831,70943,35197,106140,110090,84844,43112,127956,131921,,,,,,,,,
2016,Bexley,E09000004,6838,3985,10823,10837,39948,21867,61816,63763,46787,25852,72639,74599,,,,,,,,,
2016,Brent,E09000005,14023,7769,21792,21809,71046,27547,98594,101328,85069,35316,120385,123136,,,,,,,,,
2016,Bromley,E09000006,8262,5639,13901,13935,59695,31761,91455,94701,67957,37399,105356,108637,,,,,,,,,
2016,Camden,E09000007,36427,9636,46063,46152,237330,71410,308740,318674,273757,81046,354803,364826,,,,,,,,,
2016,Croydon,E09000008,15679,7551,23230,23265,63419,30578,93997,96916,79098,38129,117227,120182,,,,,,,,,
2016,Ealing,E09000009,11993,6216,18210,18226,80392,32970,113362,115941,92386,39186,131572,134167,,,,,,,,,
2016,Enfield,E09000010,12436,8373,20809,20882,53586,26035,79621,81684,66022,34407,100429,102566,,,,,,,,,
2016,Greenwich,E09000011,12341,8042,20383,20390,37413,21308,58721,60270,49754,29350,79104,80660,,,,,,,,,
2016,Hackney,E09000012,13567,5274,18841,18864,75805,26811,102616,105998,89372,32085,121457,124861,,,,,,,,,
2016,Hammersmith and Fulham,E09000013,17135,3168,20303,20400,81173,35841,117014,119090,98309,39009,137318,139490,,,,,,,,,
2016,Haringey,E09000014,9251,3255,12506,12513,34421,19151,53572,55943,43672,22406,66078,68456,,,,,,,,,
2016,Harrow,E09000015,5974,5052,11026,11035,42721,18548,61269,63312,48695,23600,72295,74347,,,,,,,,,
2016,Havering,E09000016,10531,5942,16474,16483,43726,22226,65952,68014,54257,28168,82425,84497,,,,,,,,,
2016,Hillingdon,E09000017,14116,8605,22721,22759,122995,39100,162096,164677,137112,47705,184816,187436,,,,,,,,,
2016,Hounslow,E09000018,12748,4252,17000,17014,113102,40685,153787,155827,125850,44938,170787,172841,,,,,,,,,
2016,Islington,E09000019,20099,4497,24597,24600,161794,41468,203262,208049,181894,45965,227859,232650,,,,,,,,,
2016,Kensington and Chelsea,E09000020,13723,4626,18349,18583,79487,29472,108959,111748,93210,34098,127308,130332,,,,,,,,,
2016,Kingston upon Thames,E09000021,7078,4346,11424,11441,44101,24868,68970,70479,51179,29214,80394,81919,,,,,,,,,
2016,Lambeth,E09000022,26524,8787,35311,35353,76139,31109,107249,109899,102664,39896,142560,145251,,,,,,,,,
2016,Lewisham,E09000023,9210,6143,15353,15616,31604,19128,50732,52641,40815,25270,66085,68257,,,,,,,,,
2016,Merton,E09000024,6073,2561,8634,8639,49834,22095,71929,73352,55907,24657,80563,81992,,,,,,,,,
2016,Newham,E09000025,16203,7430,23632,23660,52323,26894,79217,81107,68526,34324,102849,104767,,,,,,,,,
2016,Redbridge,E09000026,10585,5406,15991,16000,39543,19764,59307,61277,50128,25170,75298,77277,,,,,,,,,
2016,Richmond upon Thames,E09000027,6525,3423,9947,9957,49330,21505,70835,73152,55855,24927,80782,83108,,,,,,,,,
2016,Southwark,E09000028,34085,6366,40451,40693,149264,40845,190108,196079,183349,47211,230559,236772,,,,,,,,,
2016,Sutton,E09000029,8637,4955,13592,13704,36907,21192,58098,59817,45544,26147,71690,73522,,,,,,,,,
2016,Tower Hamlets,E09000030,29878,13438,43316,43444,188660,45030,233690,238272,218537,58468,277005,281717,,,,,,,,,
2016,Waltham Forest,E09000031,10049,4403,14451,14460,38140,17012,55152,56975,48189,21414,69604,71435,,,,,,,,,
2016,Wandsworth,E09000032,17737,7369,25105,25115,63093,28788,91881,94460,80829,36157,116986,119575,,,,,,,,,
2016,Westminster,E09000033,81142,10973,92115,92536,472910,135969,608880,631377,554052,146942,700994,723913,,,,,,,,,
2016,Inner London,E13000001,339751,93734,433485,435108,2094525,615494,2710018,2794555,2434276,709228,3143503,3229662,,,,,,,,,
2016,Outer London,E13000002,194362,108318,302680,303129,1086581,486296,1572878,1614411,1280943,594614,1875557,1917540,,,,,,,,,
2016,North East,E12000001,143848,84257,228105,228574,542628,266115,808743,843853,686476,350372,1036848,1072428,,,,,,,,,
2016,North West,E12000002,378912,225875,604787,605919,1800545,840867,2641414,2738058,2179457,1066742,3246201,3343977,,,,,,,,,
2016,Yorkshire and The Humber,E12000003,271781,174397,446178,447136,1284904,609060,1893965,1971993,1556685,783457,2340143,2419129,,,,,,,,,
2016,East Midlands,E12000004,192686,138312,330998,332107,1197212,533520,1730733,1801178,1389898,671832,2061731,2133285,,,,,,,,,
2016,West Midlands,E12000005,265397,168415,433812,434297,1440959,630605,2071563,2151976,1706356,799020,2505375,2586273,,,,,,,,,
2016,East,E12000006,233722,190298,424020,424821,1536382,740960,2277341,2376537,1770104,931258,2701361,2801358,,,,,,,,,
2016,London,E12000007,534113,202052,736164,738236,3181105,1101790,4282895,4408966,3715218,1303842,5019060,5147202,,,,,,,,,
2016,South East,E12000008,355313,239898,595211,596813,2444334,1107613,3551945,3681170,2799647,1347511,4147156,4277983,,,,,,,,,
2016,South West,E12000009,233842,165447,399289,400605,1338127,682135,2020261,2148142,1571969,847582,2419550,2548747,,,,,,,,,
2016,Wales,W92000004,179809,119215,299024,299069,632598,323938,956536,1034431,812407,443154,1255560,1333501,,,,,,,,,
2016,Scotland,S92000003,353048,224762,577809,578058,1296265,607059,1903325,2008212,1649313,831821,2481134,2586270,,,,,,,,,
2016,England,E92000001,2609614,1588951,4198565,4208508,14766196,6512666,21278860,22121873,17375809,8101617,25477425,26330381,,,,,,,,,
2016,Great Britain,K03000001,3142470,1932928,5075399,5085635,16695059,7443663,24138720,25164516,19837529,9376592,29214119,30250152,,,,,,,,,
2017,City of London,E09000001,14953,2628,17581,17652,407119,70899,478018,495180,422072,73527,495599,512832,,,,,,,,,
2017,Barking and Dagenham,E09000002,5975,3742,9717,9723,31597,13678,45275,46333,37572,17420,54993,56056,,,,,,,,,
2017,Barnet,E09000003,13500,7824,21324,21353,72135,38876,111011,114763,85635,46700,132335,136116,,,,,,,,,
2017,Bexley,E09000004,6745,4283,11027,11053,40867,23231,64097,66002,47611,27513,75124,77055,,,,,,,,,
2017,Brent,E09000005,19075,5480,24556,24592,72074,28941,101015,103640,91149,34421,125571,128232,,,,,,,,,
2017,Bromley,E09000006,9046,6424,15470,15518,59957,34284,94241,97059,69003,40708,109711,112577,,,,,,,,,
2017,Camden,E09000007,35214,12980,48194,48272,233397,79449,312846,324756,268611,92429,361040,373028,,,,,,,,,
2017,Croydon,E09000008,17234,8127,25361,25405,65674,32988,98662,101831,82908,41115,124022,127236,,,,,,,,,
2017,Ealing,E09000009,11946,5402,17348,17368,83007,34149,117156,120386,94953,39551,134504,137755,,,,,,,,,
2017,Enfield,E09000010,12654,7968,20622,20633,56104,29092,85196,87406,68758,37060,105818,108039,,,,,,,,,
2017,Greenwich,E09000011,12914,8700,21614,21620,39079,24281,63360,65512,51993,32981,84973,87132,,,,,,,,,
2017,Hackney,E09000012,13599,5452,19052,19076,73492,27163,100655,104267,87091,32615,119706,123343,,,,,,,,,
2017,Hammersmith and Fulham,E09000013,17142,3527,20669,20741,80464,34103,114566,116838,97606,37630,135235,137579,,,,,,,,,
2017,Haringey,E09000014,8786,3238,12024,12045,37215,20626,57841,60534,46001,23864,69866,72579,,,,,,,,,
2017,Harrow,E09000015,6105,4818,10922,10931,42138,21166,63303,65565,48242,25983,74225,76496,,,,,,,,,
2017,Havering,E09000016,10336,6080,16415,16423,43820,23864,67684,69664,54156,29944,84100,86087,,,,,,,,,
2017,Hillingdon,E09000017,14910,9884,24795,24889,123953,40611,164564,167501,138863,50496,189359,192389,,,,,,,,,
2017,Hounslow,E09000018,12002,4061,16063,16412,105039,40976,146015,147931,117042,45036,162078,164343,,,,,,,,,
2017,Islington,E09000019,14583,4019,18602,18611,160657,41400,202058,207627,175241,45419,220660,226239,,,,,,,,,
2017,Kensington and Chelsea,E09000020,14861,4933,19794,19800,84524,31192,115716,119366,99385,36125,135510,139166,,,,,,,,,
2017,Kingston upon Thames,E09000021,7068,4478,11546,11560,45923,28260,74183,75497,52991,32738,85729,87057,,,,,,,,,
2017,Lambeth,E09000022,26993,9036,36029,36359,77009,34990,111999,115614,104003,44025,148028,151973,,,,,,,,,
2017,Lewisham,E09000023,9742,6024,15765,16182,31585,19945,51530,53224,41327,25969,67296,69406,,,,,,,,,
2017,Merton,E09000024,6015,2851,8866,8873,50464,23511,73976,75684,56480,26363,82842,84557,,,,,,,,,
2017,Newham,E09000025,15917,6776,22693,22734,54446,29946,84392,86382,70363,36722,107085,109116,,,,,,,,,
2017,Redbridge,E09000026,11932,5638,17570,17582,40376,22190,62566,64706,52308,27829,80136,82288,,,,,,,,,
2017,Richmond upon Thames,E09000027,6339,3150,9489,9502,48841,22942,71783,74124,55180,26092,81272,83626,,,,,,,,,
2017,Southwark,E09000028,34914,7765,42679,42773,150375,41482,191858,197179,185290,49247,234537,239952,,,,,,,,,
2017,Sutton,E09000029,8773,5863,14636,14675,36084,20750,56834,58495,44857,26613,71471,73170,,,,,,,,,
2017,Tower Hamlets,E09000030,30403,15342,45746,45786,196378,48388,244766,249350,226782,63731,290512,295136,,,,,,,,,
2017,Waltham Forest,E09000031,10775,4907,15682,15709,38338,18077,56415,58533,49113,22984,72097,74242,,,,,,,,,
2017,Wandsworth,E09000032,17223,8016,25239,25282,62976,31282,94258,97175,80199,39298,119497,122458,,,,,,,,,
2017,Westminster,E09000033,87796,11846,99642,99898,458105,141434,599539,620737,545901,153281,699181,720635,,,,,,,,,
2017,Inner London,E13000001,342127,101581,443709,445211,2107743,652299,2760042,2848230,2449870,753880,3203751,3293441,,,,,,,,,
2017,Outer London,E13000002,203345,109680,313024,313821,1095468,521868,1617336,1660630,1298813,631547,1930360,1974451,,,,,,,,,
2017,North East,E12000001,140240,85422,225662,225985,559804,278593,838397,870120,700044,364015,1064059,1096104,,,,,,,,,
2017,North West,E12000002,377623,231607,609230,610233,1841019,840654,2681672,2774064,2218642,1072261,3290902,3384297,,,,,,,,,
2017,Yorkshire and The Humber,E12000003,271779,168719,440498,441264,1323059,613183,1936241,2021891,1594838,781902,2376739,2463155,,,,,,,,,
2017,East Midlands,E12000004,192976,134685,327662,328120,1227833,532265,1760098,1827562,1420809,666950,2087760,2155682,,,,,,,,,
2017,West Midlands,E12000005,265691,169278,434969,436783,1478165,665386,2143551,2227697,1743856,834664,2578520,2664480,,,,,,,,,
2017,East,E12000006,229508,192885,422392,423096,1573021,761640,2334662,2426730,1802529,954525,2757054,2849826,,,,,,,,,
2017,London,E12000007,545472,211261,756733,759033,3203211,1174167,4377378,4508860,3748683,1385428,5134111,5267893,,,,,,,,,
2017,South East,E12000008,356041,239439,595480,597223,2362704,1144813,3507516,3642358,2718745,1384252,4102996,4239582,,,,,,,,,
2017,South West,E12000009,233275,170225,403500,404146,1330922,693927,2024848,2156595,1564197,864152,2428348,2560741,,,,,,,,,
2017,Wales,W92000004,184080,112019,296099,296416,620838,324299,945137,1025647,804918,436318,1241236,1322063,,,,,,,,,
2017,Scotland,S92000003,359929,223764,583693,583942,1277637,626836,1904472,2005423,1637566,850600,2488165,2589365,,,,,,,,,
2017,England,E92000001,2612605,1603521,4216127,4225883,14899738,6704627,21604363,22455877,17512344,8308149,25820490,26681761,,,,,,,,,
2017,Great Britain,K03000001,3156614,1939304,5095918,5106241,16798213,7655762,24453972,25486948,19954827,9595066,29549891,30593189,,,,,,,,,
2018,City of London,E09000001,14558,2527,17085,17124,423716,65988,489704,505267,438274,68515,506789,522391,,,,,,,,,
2018,Barking and Dagenham,E09000002,5538,3055,8594,8595,31252,14063,45316,46229,36791,17118,53909,54824,,,,,,,,,
2018,Barnet,E09000003,13672,6309,19981,20172,72463,38149,110613,114333,86136,44458,130594,134505,,,,,,,,,
2018,Bexley,E09000004,6868,4169,11037,11083,40606,22774,63380,64868,47474,26944,74418,75952,,,,,,,,,
2018,Brent,E09000005,18760,5430,24190,24213,69974,29444,99418,102094,88733,34875,123608,126308,,,,,,,,,
2018,Bromley,E09000006,8993,5911,14904,14962,58654,33354,92008,94698,67647,39265,106912,109660,,,,,,,,,
2018,Camden,E09000007,34428,11548,45976,45992,244550,72786,317336,328798,278979,84334,363313,374790,,,,,,,,,
2018,Croydon,E09000008,18202,7783,25985,26035,63988,32164,96152,98776,82190,39947,122137,124811,,,,,,,,,
2018,Ealing,E09000009,10940,5514,16454,16473,79372,31344,110716,112994,90312,36858,127170,129467,,,,,,,,,
2018,Enfield,E09000010,11876,8179,20055,20086,54407,29030,83437,85617,66283,37209,103493,105703,,,,,,,,,
2018,Greenwich,E09000011,13016,8659,21675,21683,39574,23163,62736,64722,52590,31821,84411,86405,,,,,,,,,
2018,Hackney,E09000012,13813,4222,18035,18061,78293,29473,107766,110887,92106,33695,125801,128948,,,,,,,,,
2018,Hammersmith and Fulham,E09000013,18127,3177,21304,21380,80568,35539,116107,117964,98695,38716,137411,139345,,,,,,,,,
2018,Haringey,E09000014,8153,2757,10911,10922,35919,19375,55294,57212,44073,22132,66205,68135,,,,,,,,,
2018,Harrow,E09000015,6336,4205,10541,10548,38911,21072,59984,61918,45248,25277,70525,72466,,,,,,,,,
2018,Havering,E09000016,9959,5170,15128,15146,48088,24371,72459,74234,58047,29540,87587,89379,,,,,,,,,
2018,Hillingdon,E09000017,13996,10122,24117,24185,119938,40392,160329,162644,133933,50513,184447,186829,,,,,,,,,
2018,Hounslow,E09000018,12308,4309,16617,16631,102050,38785,140836,142653,114358,43095,157453,159284,,,,,,,,,
2018,Islington,E09000019,15358,4091,19449,19474,167158,44411,211569,216799,182517,48501,231018,236273,,,,,,,,,
2018,Kensington and Chelsea,E09000020,15473,4604,20077,20484,84325,33524,117849,121190,99798,38128,137926,141674,,,,,,,,,
2018,Kingston upon Thames,E09000021,7011,3885,10896,10908,43346,26658,70004,71304,50358,30543,80900,82212,,,,,,,,,
2018,Lambeth,E09000022,29205,8046,37251,37293,80922,37660,118582,120700,110127,45706,155833,157993,,,,,,,,,
2018,Lewisham,E09000023,9805,5828,15633,15637,30759,19589,50348,51792,40564,25417,65981,67429,,,,,,,,,
2018,Merton,E09000024,5617,2608,8225,8237,49076,24776,73852,75213,54693,27383,82077,83450,,,,,,,,,
2018,Newham,E09000025,18221,4494,22715,22855,57812,30896,88708,90446,76033,35390,111423,113302,,,,,,,,,
2018,Redbridge,E09000026,11740,4906,16646,16652,39337,22073,61411,63182,51077,26979,78056,79833,,,,,,,,,
2018,Richmond upon Thames,E09000027,6372,3107,9479,9509,46982,22813,69795,71649,53354,25920,79275,81159,,,,,,,,,
2018,Southwark,E09000028,34312,6876,41188,41282,155797,43265,199062,204408,190109,50141,240251,245689,,,,,,,,,
2018,Sutton,E09000029,8462,5357,13819,13831,35460,20058,55517,56961,43921,25415,69336,70792,,,,,,,,,
2018,Tower Hamlets,E09000030,34359,17219,51578,51865,197631,49260,246891,250774,231990,66479,298469,302638,,,,,,,,,
2018,Waltham Forest,E09000031,12301,4254,16555,16584,37358,18205,55564,57241,49660,22459,72119,73825,,,,,,,,,
2018,Wandsworth,E09000032,17974,7799,25772,25805,62214,30693,92907,95306,80188,38491,118679,121111,,,,,,,,,
2018,Westminster,E09000033,86271,12436,98707,98861,472792,143475,616268,635393,559063,155911,714975,734254,,,,,,,,,
2018,Inner London,E13000001,350059,95624,445682,447035,2172457,655934,2828393,2906937,2522515,751557,3274075,3353972,,,,,,,,,
2018,Outer London,E13000002,201967,102932,304899,305533,1070837,512689,1583529,1621330,1272804,615620,1888428,1926864,,,,,,,,,
2018,North East,E12000001,142046,83961,226008,226041,562239,266449,828687,857461,704285,350410,1054695,1083502,,,,,,,,,
2018,North West,E12000002,384819,222207,607027,607619,1876454,845429,2721883,2823789,2261274,1067636,3328910,3431408,,,,,,,,,
2018,Yorkshire and The Humber,E12000003,276325,167985,444310,445087,1327673,625828,1953500,2044618,1603998,793813,2397810,2489706,,,,,,,,,
2018,East Midlands,E12000004,200080,133300,333380,334324,1203554,534129,1737683,1817166,1403635,667429,2071063,2151490,,,,,,,,,
2018,West Midlands,E12000005,266425,163945,430370,431126,1487674,642695,2130369,2210911,1754100,806640,2560739,2642037,,,,,,,,,
2018,East,E12000006,237847,198392,436239,436883,1565452,778851,2344303,2443333,1803299,977243,2780542,2880216,,,,,,,,,
2018,London,E12000007,552026,198555,750581,752569,3243294,1168622,4411922,4528268,3795320,1367178,5162503,5280836,,,,,,,,,
2018,South East,E12000008,367730,231637,599368,600255,2390198,1161300,3551495,3684994,2757928,1392938,4150863,4285249,,,,,,,,,
2018,South West,E12000009,233174,173549,406723,407739,1340695,721704,2062399,2189323,1573869,895253,2469122,2597062,,,,,,,,,
2018,Wales,W92000004,179855,119938,299793,300117,636883,336458,973342,1061227,816739,456396,1273135,1361344,,,,,,,,,
2018,Scotland,S92000003,355001,224408,579409,579472,1302749,626311,1929059,2032223,1657750,850719,2508468,2611695,,,,,,,,,
2018,England,E92000001,2660473,1573533,4234006,4241642,14997233,6745007,21742242,22599864,17657707,8318540,25976248,26841506,,,,,,,,,
2018,Great Britain,K03000001,3195330,1917879,5113209,5121232,16936865,7707776,24644642,25693314,20132195,9625655,29757851,30814545,,,,,,,,,
2019,City of London,E09000001,13892,2729,16621,16621,439554,68773,508327,525195,453446,71502,524948,541817,,,,,,,,,
2019,Barking and Dagenham,E09000002,6360,3458,9819,9834,32959,13919,46878,47810,39319,17378,56697,57644,,,,,,,,,
2019,Barnet,E09000003,12590,7269,19859,20011,74046,36906,110953,114243,86636,44175,130811,134254,,,,,,,,,
2019,Bexley,E09000004,6981,3913,10894,10924,41869,23790,65659,67187,48850,27703,76553,78110,,,,,,,,,
2019,Brent,E09000005,15376,6004,21380,21403,72005,28887,100892,103253,87381,34891,122272,124656,,,,,,,,,
2019,Bromley,E09000006,8516,6452,14968,15002,58536,33286,91822,94343,67051,39738,106789,109345,,,,,,,,,
2019,Camden,E09000007,35717,10442,46159,46225,251501,73110,324611,335934,287218,83552,370770,382158,,,,,,,,,
2019,Croydon,E09000008,18750,7488,26238,26292,63658,33365,97023,99583,82407,40854,123261,125875,,,,,,,,,
2019,Ealing,E09000009,11060,6336,17396,17407,85029,32266,117295,119691,96089,38602,134691,137098,,,,,,,,,
2019,Enfield,E09000010,11917,8198,20115,20130,56215,28276,84491,86647,68133,36474,104607,106777,,,,,,,,,
2019,Greenwich,E09000011,13073,9145,22218,22230,39651,23744,63395,64792,52724,32889,85613,87022,,,,,,,,,
2019,Hackney,E09000012,13845,4008,17853,17882,83091,29568,112659,115490,96935,33576,130512,133372,,,,,,,,,
2019,Hammersmith and Fulham,E09000013,18415,3318,21733,21829,80973,33859,114832,116629,99388,37177,136565,138458,,,,,,,,,
2019,Haringey,E09000014,7900,3289,11189,11209,35623,19554,55177,57266,43523,22843,66366,68475,,,,,,,,,
2019,Harrow,E09000015,5868,4372,10239,10245,40693,19847,60541,62265,46561,24219,70780,72510,,,,,,,,,
2019,Havering,E09000016,10394,4296,14689,14698,46632,23701,70333,71998,57026,27996,85022,86697,,,,,,,,,
2019,Hillingdon,E09000017,15621,8245,23866,23947,124100,41028,165128,167167,139721,49273,188994,191115,,,,,,,,,
2019,Hounslow,E09000018,12858,4398,17256,17266,107258,38254,145512,147306,120116,42652,162768,164572,,,,,,,,,
2019,Islington,E09000019,15891,4282,20173,20185,169572,44788,214360,219259,185463,49070,234533,239444,,,,,,,,,
2019,Kensington and Chelsea,E09000020,15272,4189,19462,19493,89304,30290,119595,122393,104577,34479,139056,141886,,,,,,,,,
2019,Kingston upon Thames,E09000021,6610,4318,10927,10940,41912,25274,67186,68369,48522,29591,78113,79309,,,,,,,,,
2019,Lambeth,E09000022,29291,8754,38044,38072,79078,33991,113070,115309,108369,42745,151114,153381,,,,,,,,,
2019,Lewisham,E09000023,9721,5807,15527,15546,31395,19151,50547,52002,41116,24958,66074,67548,,,,,,,,,
2019,Merton,E09000024,5608,2484,8092,8104,49418,23029,72447,73822,55026,25513,80539,81926,,,,,,,,,
2019,Newham,E09000025,18678,4298,22976,23025,58016,30718,88735,90170,76694,35016,111711,113195,,,,,,,,,
2019,Redbridge,E09000026,11517,4780,16297,16307,40975,21202,62177,64264,52491,25982,78473,80571,,,,,,,,,
2019,Richmond upon Thames,E09000027,6594,2986,9580,9592,49608,22793,72401,74366,56202,25779,81981,83958,,,,,,,,,
2019,Southwark,E09000028,33191,7035,40226,40318,162080,46529,208609,213483,195270,53564,248834,253800,,,,,,,,,
2019,Sutton,E09000029,8983,5311,14294,14323,36008,20371,56380,57886,44991,25682,70674,72209,,,,,,,,,
2019,Tower Hamlets,E09000030,34793,18190,52983,53008,203807,47909,251717,256161,238600,66100,304700,309169,,,,,,,,,
2019,Waltham Forest,E09000031,12494,4468,16962,16980,38025,17648,55673,57331,50519,22116,72635,74311,,,,,,,,,
2019,Wandsworth,E09000032,18299,7617,25915,25933,63287,30639,93926,96170,81585,38256,119842,122103,,,,,,,,,
2019,Westminster,E09000033,92067,11843,103911,104700,487625,145171,632797,651332,579693,157015,736708,756031,,,,,,,,,
2019,Inner London,E13000001,356971,95802,452772,454045,2234907,654052,2888960,2966792,2591877,749853,3341732,3420838,,,,,,,,,
2019,Outer London,E13000002,201169,103919,305089,305636,1098597,507586,1606184,1642322,1299766,611505,1911272,1947958,,,,,,,,,
2019,North East,E12000001,145336,82400,227736,227980,562121,279317,841438,873391,707456,361717,1069174,1101371,,,,,,,,,
2019,North West,E12000002,386569,228320,614888,617390,1931101,856548,2787650,2880814,2317670,1084868,3402539,3498203,,,,,,,,,
2019,Yorkshire and The Humber,E12000003,274083,173943,448026,448084,1321628,631404,1953032,2044179,1595711,805347,2401058,2492263,,,,,,,,,
2019,East Midlands,E12000004,197358,139754,337112,337614,1215505,536915,1752420,1830545,1412863,676670,2089532,2168159,,,,,,,,,
2019,West Midlands,E12000005,263165,165883,429048,429739,1466548,697744,2164292,2247066,1729713,863627,2593340,2676805,,,,,,,,,
2019,East,E12000006,246108,187338,433447,433992,1584360,767599,2351958,2436689,1830469,954937,2785405,2870681,,,,,,,,,
2019,London,E12000007,558140,199721,757861,759681,3333503,1161638,4495144,4609115,3891643,1361359,5253005,5368796,,,,,,,,,
2019,South East,E12000008,377927,228935,606863,608584,2443948,1164987,3608934,3733357,2821875,1393922,4215797,4341942,,,,,,,,,
2019,South West,E12000009,237311,167197,404508,406168,1364182,728887,2093069,2229601,1601493,896084,2497577,2635769,,,,,,,,,
2019,Wales,W92000004,185966,114504,300470,300601,640843,327305,968148,1031180,826809,441809,1268618,1331781,,,,,,,,,
2019,Scotland,S92000003,356633,224475,581108,581151,1296720,625120,1921841,2020649,1653354,849595,2502948,2601800,,,,,,,,,
2019,England,E92000001,2685997,1573492,4259489,4269232,15222896,6825040,22047937,22884758,17908893,8398532,26307426,27153990,,,,,,,,,
2019,Great Britain,K03000001,3228596,1912470,5141066,5150984,17160460,7777465,24937926,25936586,20389056,9689936,30078992,31087571,,,,,,,,,
,,,,,,,,,,,,,,,,,,,,,,,
,,,,,,,,,,,,,,,,,,,,,,,
,,,,,,,,,,,,,,,,,,,,,,,
,,,,,,,,,,,,,,,,,,,,,,,
,,,,,,,,,,,,,,,,,,,,,,,
,,,,,,,,,,,,,,,,,,,,,,,
,,,,,,,,,,,,,,,,,,,,,,,
,,,,,,,,,,,,,,,,,,,,,,,
,,,,,,,,,,,,,,,,,,,,,,,
,,,,,,,,,,,,,,,,,,,,,,,
,,,,,,,,,,,,,,,,,,,,,,,
,,,,,,,,,,,,,,,,,,,,,,,
,,,,,,,,,,,,,,,,,,,,,,,
,,,,,,,,,,,,,,,,,,,,,,,
,,,,,,,,,,,,,,,,,,,,,,,
,,,,,,,,,,,,,,,,,,,,,,,
,,,,,,,,,,,,,,,,,,,,,,,
,,,,,,,,,,,,,,,,,,,,,,,
,,,,,,,,,,,,,,,,,,,,,,,
,,,,,,,,,,,,,,,,,,,,,,,
,,,,,,,,,,,,,,,,,,,,,,,
,,,,,,,,,,,,,,,,,,,,,,,
,,,,,,,,,,,,,,,,,,,,,,,
,,,,,,,,,,,,,,,,,,,,,,,
,,,,,,,,,,,,,,,,,,,,,,,
,,,,,,,,,,,,,,,,,,,,,,,
,,,,,,,,,,,,,,,,,,,,,,,
,,,,,,,,,,,,,,,,,,,,,,,
,,,,,,,,,,,,,,,,,,,,,,,
,,,,,,,,,,,,,,,,,,,,,,,
,,,,,,,,,,,,,,,,,,,,,,,
,,,,,,,,,,,,,,,,,,,,,,,
,,,,,,,,,,,,,,,,,,,,,,,
,,,,,,,,,,,,,,,,,,,,,,,
,,,,,,,,,,,,,,,,,,,,,,,
,,,,,,,,,,,,,,,,,,,,,,,
,,,,,,,,,,,,,,,,,,,,,,,
,,,,,,,,,,,,,,,,,,,,,,,
,,,,,,,,,,,,,,,,,,,,,,,
,,,,,,,,,,,,,,,,,,,,,,,
,,,,,,,,,,,,,,,,,,,,,,,
,,,,,,,,,,,,,,,,,,,,,,,
,,,,,,,,,,,,,,,,,,,,,,,
,,,,,,,,,,,,,,,,,,,,,,,
,,,,,,,,,,,,,,,,,,,,,,,
,,,,,,,,,,,,,,,,,,,,,,,
,,,,,,,,,,,,,,,,,,,,,,,
,,,,,,,,,,,,,,,,,,,,,,,
,,,,,,,,,,,,,,,,,,,,,,,
,,,,,,,,,,,,,,,,,,,,,,,
,,,,,,,,,,,,,,,,,,,,,,,
,,,,,,,,,,,,,,,,,,,,,,,
