Year,Local_Authority_County,Code,Authority_Type,Public_FT_employees,Public_PT_employees,Public_Tot_employees,Public_Tot_employment,Private_FT_employees,Private_PT_employees,Private_Tot_employees,Private_Tot_employment,Total_FT_Employees,Total_PT_Employees,Total_Tot_employees,Total_Employment,Validation_Status,Public_Sector_Percent,Private_Sector_Percent,Public_sector_share,Private_sector_share,prev_year_employment,yoy_growth_percent
2009,Barking and Dagenham,E09000002,Local Authority,3804,5384,9187,9199,25882,8130,34012,35031,29685,13513,43199,44230,Invalid,20.8,79.2,20.8,79.2,,N/A
2010,Barking and Dagenham,E09000002,Local Authority,6695,5775,12470,12494,26623,8391,35012,35843,33318,14166,47482,48337,Invalid,25.85,74.15,25.85,74.15,44230.0,9.29
2011,Barking and Dagenham,E09000002,Local Authority,5023,5815,10838,10847,27525,9008,36533,37809,32548,14823,47371,48656,Valid,22.29,77.71,22.29,77.71,48337.0,0.66
2012,Barking and Dagenham,E09000002,Local Authority,4978,5950,10929,10931,27428,9822,37251,38357,32407,15773,48180,49288,Invalid,22.18,77.82,22.18,77.82,48656.0,1.3
2013,Barking and Dagenham,E09000002,Local Authority,5187,5944,11131,11132,26805,10742,37547,38657,31992,16686,48678,49789,Valid,22.36,77.64,22.36,77.64,49288.0,1.02
2014,Barking and Dagenham,E09000002,Local Authority,6397,4314,10711,10713,27899,11157,39056,39987,34296,15471,49767,50701,Valid,21.13,78.87,21.13,78.87,49789.0,1.83
2015,Barking and Dagenham,E09000002,Local Authority,7034,3972,11006,11020,28116,11466,39582,41164,35150,15438,50588,52184,Valid,21.12,78.88,21.12,78.88,50701.0,2.92
2016,Barking and Dagenham,E09000002,Local Authority,6573,3884,10456,10461,29737,12040,41777,42835,36310,15923,52234,53296,Invalid,19.63,80.37,19.63,80.37,52184.0,2.13
2017,Barking and Dagenham,E09000002,Local Authority,5975,3742,9717,9723,31597,13678,45275,46333,37572,17420,54993,56056,Invalid,17.35,82.65,17.35,82.65,53296.0,5.18
2018,Barking and Dagenham,E09000002,Local Authority,5538,3055,8594,8595,31252,14063,45316,46229,36791,17118,53909,54824,Invalid,15.68,84.32,15.68,84.32,56056.0,-2.2
2019,Barking and Dagenham,E09000002,Local Authority,6360,3458,9819,9834,32959,13919,46878,47810,39319,17378,56697,57644,Invalid,17.06,82.94,17.06,82.94,54824.0,5.14
2009,Barnet,E09000003,Local Authority,16146,9841,25987,26081,58348,28639,86987,91065,74493,38481,112974,117146,Valid,22.26,77.74,22.26,77.74,,N/A
2010,Barnet,E09000003,Local Authority,15146,10899,26045,26063,57701,28317,86015,89687,72847,39216,112059,115750,Invalid,22.52,77.48,22.52,77.48,117146.0,-1.19
2011,Barnet,E09000003,Local Authority,16001,8675,24676,24738,58051,30354,88405,93606,74052,39029,113081,118344,Valid,20.9,79.1,20.9,79.1,115750.0,2.24
2012,Barnet,E09000003,Local Authority,15995,8188,24183,24342,58109,32860,90969,95538,74104,41048,115152,119881,Valid,20.31,79.69,20.31,79.69,118344.0,1.3
2013,Barnet,E09000003,Local Authority,15582,7872,23454,23743,61930,32857,94787,99872,77512,40730,118241,123615,Invalid,19.21,80.79,19.21,80.79,119881.0,3.11
2014,Barnet,E09000003,Local Authority,15301,8309,23610,23764,66134,33615,99749,103804,81435,41924,123360,127568,Invalid,18.63,81.37,18.63,81.37,123615.0,3.2
2015,Barnet,E09000003,Local Authority,14598,8113,22712,22762,70951,34887,105839,110781,85550,43001,128550,133543,Invalid,17.04,82.96,17.04,82.96,127568.0,4.68
2016,Barnet,E09000003,Local Authority,13901,7915,21816,21831,70943,35197,106140,110090,84844,43112,127956,131921,Valid,16.55,83.45,16.55,83.45,133543.0,-1.21
2017,Barnet,E09000003,Local Authority,13500,7824,21324,21353,72135,38876,111011,114763,85635,46700,132335,136116,Valid,15.69,84.31,15.69,84.31,131921.0,3.18
2018,Barnet,E09000003,Local Authority,13672,6309,19981,20172,72463,38149,110613,114333,86136,44458,130594,134505,Invalid,15.0,85.0,15.0,85.0,136116.0,-1.18
2019,Barnet,E09000003,Local Authority,12590,7269,19859,20011,74046,36906,110953,114243,86636,44175,130811,134254,Invalid,14.91,85.09,14.91,85.09,134505.0,-0.19
2009,Bexley,E09000004,Local Authority,7095,5665,12760,12760,33952,17010,50962,53306,41047,22675,63722,66066,Valid,19.31,80.69,19.31,80.69,,N/A
2010,Bexley,E09000004,Local Authority,7445,5167,12613,12620,34309,17770,52077,54080,41754,22938,64690,66700,Invalid,18.92,81.08,18.92,81.08,66066.0,0.96
2011,Bexley,E09000004,Local Authority,6965,5122,12087,12097,32986,18339,51325,53690,39951,23461,63412,65787,Valid,18.39,81.61,18.39,81.61,66700.0,-1.37
2012,Bexley,E09000004,Local Authority,7209,4942,12151,12172,33661,19686,53347,55395,40871,24628,65498,67568,Invalid,18.01,81.98,18.01,81.98,65787.0,2.71
2013,Bexley,E09000004,Local Authority,6891,5156,12047,12051,35620,19443,55062,57174,42511,24599,67109,69225,Invalid,17.41,82.59,17.41,82.59,67568.0,2.45
2014,Bexley,E09000004,Local Authority,6563,4554,11117,11133,36968,19958,56926,58780,43531,24511,68042,69913,Invalid,15.92,84.08,15.92,84.08,69225.0,0.99
2015,Bexley,E09000004,Local Authority,6577,4271,10848,10886,39348,20891,60238,62275,45925,25162,71086,73161,Invalid,14.88,85.12,14.88,85.12,69913.0,4.65
2016,Bexley,E09000004,Local Authority,6838,3985,10823,10837,39948,21867,61816,63763,46787,25852,72639,74599,Invalid,14.53,85.47,14.53,85.47,73161.0,1.97
2017,Bexley,E09000004,Local Authority,6745,4283,11027,11053,40867,23231,64097,66002,47611,27513,75124,77055,Invalid,14.34,85.66,14.34,85.66,74599.0,3.29
2018,Bexley,E09000004,Local Authority,6868,4169,11037,11083,40606,22774,63380,64868,47474,26944,74418,75952,Invalid,14.59,85.41,14.59,85.41,77055.0,-1.43
2019,Bexley,E09000004,Local Authority,6981,3913,10894,10924,41869,23790,65659,67187,48850,27703,76553,78110,Valid,13.99,86.02,13.99,86.02,75952.0,2.84
2009,Brent,E09000005,Local Authority,13496,4489,17985,18039,53578,21173,74751,77542,67074,25662,92735,95581,Invalid,18.87,81.13,18.87,81.13,,N/A
2010,Brent,E09000005,Local Authority,14144,6906,21050,21083,54185,21532,75715,77917,68329,28438,96765,99000,Invalid,21.3,78.7,21.3,78.7,95581.0,3.58
2011,Brent,E09000005,Local Authority,14023,7124,21146,21175,54429,22317,76745,79880,68451,29441,97892,101055,Invalid,20.95,79.05,20.95,79.05,99000.0,2.08
2012,Brent,E09000005,Local Authority,14424,6493,20916,20932,58331,27219,85550,88574,72755,33711,106466,109506,Invalid,19.11,80.89,19.11,80.89,101055.0,8.36
2013,Brent,E09000005,Local Authority,14606,6581,21187,21194,60663,26249,86912,90074,75269,32830,108099,111267,Valid,19.05,80.95,19.05,80.95,109506.0,1.61
2014,Brent,E09000005,Local Authority,14606,5610,20216,20238,63917,27834,91751,94420,78523,33444,111967,114658,Valid,17.65,82.35,17.65,82.35,111267.0,3.05
2015,Brent,E09000005,Local Authority,16057,4465,20523,20594,67006,26842,93848,96558,83063,31308,114371,117152,Invalid,17.58,82.42,17.58,82.42,114658.0,2.18
2016,Brent,E09000005,Local Authority,14023,7769,21792,21809,71046,27547,98594,101328,85069,35316,120385,123136,Invalid,17.71,82.29,17.71,82.29,117152.0,5.11
2017,Brent,E09000005,Local Authority,19075,5480,24556,24592,72074,28941,101015,103640,91149,34421,125571,128232,Invalid,19.18,80.82,19.18,80.82,123136.0,4.14
2018,Brent,E09000005,Local Authority,18760,5430,24190,24213,69974,29444,99418,102094,88733,34875,123608,126308,Valid,19.17,80.83,19.17,80.83,128232.0,-1.5
2019,Brent,E09000005,Local Authority,15376,6004,21380,21403,72005,28887,100892,103253,87381,34891,122272,124656,Valid,17.17,82.83,17.17,82.83,126308.0,-1.31
2009,Bromley,E09000006,Local Authority,13690,6911,20600,20652,53915,28795,82711,86295,67605,35706,103311,106947,Invalid,19.31,80.69,19.31,80.69,,N/A
2010,Bromley,E09000006,Local Authority,12078,9483,21561,21586,50663,28154,78815,81883,62742,37637,100376,103469,Invalid,20.86,79.14,20.86,79.14,106947.0,-3.25
2011,Bromley,E09000006,Local Authority,12090,8660,20750,20785,47934,27175,75109,78935,60024,35836,95859,99719,Invalid,20.84,79.16,20.84,79.16,103469.0,-3.62
2012,Bromley,E09000006,Local Authority,10781,7978,18759,18779,48849,30160,79009,83167,59630,38138,97768,101946,Valid,18.42,81.58,18.42,81.58,99719.0,2.23
2013,Bromley,E09000006,Local Authority,8377,6928,15305,15314,54050,31595,85644,89515,62427,38523,100950,104829,Invalid,14.61,85.39,14.61,85.39,101946.0,2.83
2014,Bromley,E09000006,Local Authority,8011,6710,14722,14752,56807,31541,88348,91311,64818,38252,103070,106063,Invalid,13.91,86.09,13.91,86.09,104829.0,1.18
2015,Bromley,E09000006,Local Authority,8555,5869,14424,14466,58365,32029,90393,94449,66920,37898,104818,108914,Invalid,13.28,86.72,13.28,86.72,106063.0,2.69
2016,Bromley,E09000006,Local Authority,8262,5639,13901,13935,59695,31761,91455,94701,67957,37399,105356,108637,Invalid,12.83,87.17,12.83,87.17,108914.0,-0.25
2017,Bromley,E09000006,Local Authority,9046,6424,15470,15518,59957,34284,94241,97059,69003,40708,109711,112577,Valid,13.78,86.22,13.78,86.22,108637.0,3.63
2018,Bromley,E09000006,Local Authority,8993,5911,14904,14962,58654,33354,92008,94698,67647,39265,106912,109660,Valid,13.64,86.36,13.64,86.36,112577.0,-2.59
2019,Bromley,E09000006,Local Authority,8516,6452,14968,15002,58536,33286,91822,94343,67051,39738,106789,109345,Invalid,13.72,86.28,13.72,86.28,109660.0,-0.29
2009,Camden,E09000007,Local Authority,30665,7937,38602,38723,189266,52427,241692,251697,219930,60364,280294,290420,Invalid,13.33,86.67,13.33,86.67,,N/A
2010,Camden,E09000007,Local Authority,34430,9917,44347,44431,182870,52803,235662,244822,217299,62721,280009,289253,Invalid,15.36,84.64,15.36,84.64,290420.0,-0.4
2011,Camden,E09000007,Local Authority,36790,8791,45581,45646,189772,62356,252128,264871,226562,71147,297709,310517,Valid,14.7,85.3,14.7,85.3,289253.0,7.35
2012,Camden,E09000007,Local Authority,34725,7891,42616,42683,194566,66594,261160,273261,229291,74485,303776,315944,Valid,13.51,86.49,13.51,86.49,310517.0,1.75
2013,Camden,E09000007,Local Authority,34443,8162,42605,42688,208009,66243,274251,285390,242452,74405,316857,328078,Invalid,13.01,86.99,13.01,86.99,315944.0,3.84
2014,Camden,E09000007,Local Authority,35476,8613,44089,44117,220751,73355,294106,303762,256227,81968,338195,347879,Valid,12.68,87.32,12.68,87.32,328078.0,6.04
2015,Camden,E09000007,Local Authority,35304,8867,44171,44454,228579,68303,296882,309098,263883,77170,341053,353552,Valid,12.57,87.43,12.57,87.43,347879.0,1.63
2016,Camden,E09000007,Local Authority,36427,9636,46063,46152,237330,71410,308740,318674,273757,81046,354803,364826,Valid,12.65,87.35,12.65,87.35,353552.0,3.19
2017,Camden,E09000007,Local Authority,35214,12980,48194,48272,233397,79449,312846,324756,268611,92429,361040,373028,Valid,12.94,87.06,12.94,87.06,364826.0,2.25
2018,Camden,E09000007,Local Authority,34428,11548,45976,45992,244550,72786,317336,328798,278979,84334,363313,374790,Invalid,12.27,87.73,12.27,87.73,373028.0,0.47
2019,Camden,E09000007,Local Authority,35717,10442,46159,46225,251501,73110,324611,335934,287218,83552,370770,382158,Valid,12.1,87.9,12.1,87.9,374790.0,1.97
2009,City of London,E09000001,Local Authority,16102,2203,18304,18346,264922,37988,302909,313519,281023,40190,321214,331866,Invalid,5.53,94.47,5.53,94.47,,N/A
2010,City of London,E09000001,Local Authority,17608,1940,19548,19603,285116,40438,325539,337020,302724,42378,345087,356623,Invalid,5.5,94.5,5.5,94.5,331866.0,7.46
2011,City of London,E09000001,Local Authority,17869,2513,20381,20435,309329,44356,353685,368139,327197,46869,374066,388573,Invalid,5.26,94.74,5.26,94.74,356623.0,8.96
2012,City of London,E09000001,Local Authority,18738,2395,21132,21217,318655,44561,363215,379560,337392,46955,384348,400777,Invalid,5.29,94.71,5.29,94.71,388573.0,3.14
2013,City of London,E09000001,Local Authority,19239,4981,24220,24252,308784,43614,352397,366917,328023,48595,376617,391169,Invalid,6.2,93.8,6.2,93.8,400777.0,-2.4
2014,City of London,E09000001,Local Authority,12055,2071,14126,14160,336903,49134,386037,399345,348958,51205,400163,413505,Valid,3.42,96.58,3.42,96.58,391169.0,5.71
2015,City of London,E09000001,Local Authority,13236,2391,15627,15655,366110,57463,423572,439850,379345,59854,439199,455505,Invalid,3.44,96.56,3.44,96.56,413505.0,10.16
2016,City of London,E09000001,Local Authority,14769,2773,17542,17579,390521,63578,454099,471216,405290,66351,471641,488795,Valid,3.6,96.4,3.6,96.4,455505.0,7.31
2017,City of London,E09000001,Local Authority,14953,2628,17581,17652,407119,70899,478018,495180,422072,73527,495599,512832,Valid,3.44,96.56,3.44,96.56,488795.0,4.92
2018,City of London,E09000001,Local Authority,14558,2527,17085,17124,423716,65988,489704,505267,438274,68515,506789,522391,Valid,3.28,96.72,3.28,96.72,512832.0,1.86
2019,City of London,E09000001,Local Authority,13892,2729,16621,16621,439554,68773,508327,525195,453446,71502,524948,541817,Valid,3.07,96.93,3.07,96.93,522391.0,3.72
2009,Croydon,E09000008,Local Authority,19437,8534,27971,28119,62541,30298,92838,96561,81978,38831,120809,124679,Invalid,22.55,77.45,22.55,77.45,,N/A
2010,Croydon,E09000008,Local Authority,20715,8769,29483,29568,60547,29153,89695,92737,81261,37922,119179,122305,Invalid,24.18,75.82,24.18,75.82,124679.0,-1.9
2011,Croydon,E09000008,Local Authority,15724,12273,27997,28083,57605,28114,85719,89351,73329,40387,113716,117433,Valid,23.91,76.09,23.91,76.09,122305.0,-3.98
2012,Croydon,E09000008,Local Authority,16664,8953,25618,25648,56608,29957,86565,90213,73272,38911,112183,115861,Invalid,22.14,77.86,22.14,77.86,117433.0,-1.34
2013,Croydon,E09000008,Local Authority,13597,7941,21538,21549,58290,28459,86749,91355,71887,36400,108287,112905,Valid,19.09,80.91,19.09,80.91,115861.0,-2.55
2014,Croydon,E09000008,Local Authority,15804,7875,23679,23708,61904,29586,91490,94153,77708,37460,115169,117861,Invalid,20.12,79.88,20.12,79.88,112905.0,4.39
2015,Croydon,E09000008,Local Authority,15663,7688,23351,23392,62416,30663,93079,96115,78079,38351,116431,119507,Invalid,19.57,80.43,19.57,80.43,117861.0,1.4
2016,Croydon,E09000008,Local Authority,15679,7551,23230,23265,63419,30578,93997,96916,79098,38129,117227,120182,Valid,19.36,80.64,19.36,80.64,119507.0,0.56
2017,Croydon,E09000008,Local Authority,17234,8127,25361,25405,65674,32988,98662,101831,82908,41115,124022,127236,Invalid,19.97,80.03,19.97,80.03,120182.0,5.87
2018,Croydon,E09000008,Local Authority,18202,7783,25985,26035,63988,32164,96152,98776,82190,39947,122137,124811,Valid,20.86,79.14,20.86,79.14,127236.0,-1.91
2019,Croydon,E09000008,Local Authority,18750,7488,26238,26292,63658,33365,97023,99583,82407,40854,123261,125875,Valid,20.89,79.11,20.89,79.11,124811.0,0.85
2009,Ealing,E09000009,Local Authority,12178,5616,17793,17875,66090,22462,88552,91671,78267,28077,106345,109546,Invalid,16.32,83.68,16.32,83.68,,N/A
2010,Ealing,E09000009,Local Authority,12759,7239,19998,20057,66016,23406,89419,92064,78775,30645,109417,112121,Invalid,17.89,82.11,17.89,82.11,109546.0,2.35
2011,Ealing,E09000009,Local Authority,14580,6848,21429,21480,70229,26311,96540,99809,84809,33160,117969,121289,Invalid,17.71,82.29,17.71,82.29,112121.0,8.18
2012,Ealing,E09000009,Local Authority,13296,6391,19687,19704,71797,28215,100013,103393,85093,34607,119700,123097,Invalid,16.01,83.99,16.01,83.99,121289.0,1.49
2013,Ealing,E09000009,Local Authority,11278,8195,19473,19480,73924,27377,101300,104717,85202,35572,120774,124198,Invalid,15.68,84.31,15.68,84.31,123097.0,0.89
2014,Ealing,E09000009,Local Authority,12174,5765,17940,18006,81205,30664,111869,114528,93379,36429,129809,132534,Invalid,13.59,86.41,13.59,86.41,124198.0,6.71
2015,Ealing,E09000009,Local Authority,13605,4323,17928,17947,78782,31660,110442,113366,92387,35983,128370,131313,Valid,13.67,86.33,13.67,86.33,132534.0,-0.92
2016,Ealing,E09000009,Local Authority,11993,6216,18210,18226,80392,32970,113362,115941,92386,39186,131572,134167,Invalid,13.58,86.42,13.58,86.42,131313.0,2.17
2017,Ealing,E09000009,Local Authority,11946,5402,17348,17368,83007,34149,117156,120386,94953,39551,134504,137755,Valid,12.61,87.39,12.61,87.39,134167.0,2.67
2018,Ealing,E09000009,Local Authority,10940,5514,16454,16473,79372,31344,110716,112994,90312,36858,127170,129467,Valid,12.72,87.28,12.72,87.28,137755.0,-6.02
2019,Ealing,E09000009,Local Authority,11060,6336,17396,17407,85029,32266,117295,119691,96089,38602,134691,137098,Valid,12.7,87.3,12.7,87.3,129467.0,5.89
2009,East,E12000006,Region,287090,198797,485887,506034,1324936,611719,1936655,2034001,1612026,810516,2422542,2540035,Valid,19.92,80.08,19.92,80.08,,N/A
2010,East,E12000006,Region,293820,210836,504655,525009,1278923,616496,1895418,1972041,1572742,827332,2400073,2497050,Invalid,21.03,78.97,21.03,78.97,2540035.0,-1.69
2011,East,E12000006,Region,275751,210526,486277,506459,1287002,631996,1918999,2011806,1562753,842522,2405276,2518265,Invalid,20.11,79.89,20.11,79.89,2497050.0,0.85
2012,East,E12000006,Region,268347,199389,467736,487606,1312320,639250,1951570,2037365,1580667,838639,2419307,2524972,Invalid,19.31,80.69,19.31,80.69,2518265.0,0.27
2013,East,E12000006,Region,256029,197679,453708,472852,1344985,648366,1993352,2079827,1601014,846045,2447060,2552679,Invalid,18.52,81.48,18.52,81.48,2524972.0,1.1
2014,East,E12000006,Region,243557,186169,429726,449431,1446664,680442,2127105,2209877,1690222,866611,2556831,2659308,Invalid,16.9,83.1,16.9,83.1,2552679.0,4.18
2015,East,E12000006,Region,227937,176063,404000,404472,1527686,697804,2225489,2316270,1755622,873867,2629489,2720742,Invalid,14.87,85.13,14.87,85.13,2659308.0,2.31
2016,East,E12000006,Region,233722,190298,424020,424821,1536382,740960,2277341,2376537,1770104,931258,2701361,2801358,Invalid,15.16,84.84,15.16,84.84,2720742.0,2.96
2017,East,E12000006,Region,229508,192885,422392,423096,1573021,761640,2334662,2426730,1802529,954525,2757054,2849826,Invalid,14.85,85.15,14.85,85.15,2801358.0,1.73
2018,East,E12000006,Region,237847,198392,436239,436883,1565452,778851,2344303,2443333,1803299,977243,2780542,2880216,Valid,15.17,84.83,15.17,84.83,2849826.0,1.07
2019,East,E12000006,Region,246108,187338,433447,433992,1584360,767599,2351958,2436689,1830469,954937,2785405,2870681,Invalid,15.12,84.88,15.12,84.88,2880216.0,-0.33
2009,East Midlands,E12000004,Region,221454,177885,399339,419490,1044387,463257,1507645,1575296,1265841,641142,1906984,1994786,Invalid,21.03,78.97,21.03,78.97,,N/A
2010,East Midlands,E12000004,Region,238176,185469,423644,444189,1047792,434464,1482256,1542175,1285968,619933,1905901,1986364,Invalid,22.36,77.64,22.36,77.64,1994786.0,-0.42
2011,East Midlands,E12000004,Region,225018,178488,403507,423521,1058895,439108,1498003,1558876,1283913,617597,1901510,1982397,Invalid,21.36,78.64,21.36,78.64,1986364.0,-0.2
2012,East Midlands,E12000004,Region,209625,167828,377453,397045,1062702,463259,1525961,1580641,1272327,631088,1903414,1977686,Invalid,20.08,79.92,20.08,79.92,1982397.0,-0.24
2013,East Midlands,E12000004,Region,229831,132973,362805,382122,1066869,477733,1544603,1599945,1296700,610706,1907408,1982068,Invalid,19.28,80.72,19.28,80.72,1977686.0,0.22
2014,East Midlands,E12000004,Region,218870,129342,348212,368096,1121307,477828,1599136,1649105,1340177,607170,1947348,2017200,Invalid,18.25,81.75,18.25,81.75,1982068.0,1.77
2015,East Midlands,E12000004,Region,194883,134820,329703,330845,1185365,495247,1680611,1760411,1380248,630067,2010314,2091256,Invalid,15.82,84.18,15.82,84.18,2017200.0,3.67
2016,East Midlands,E12000004,Region,192686,138312,330998,332107,1197212,533520,1730733,1801178,1389898,671832,2061731,2133285,Invalid,15.57,84.43,15.57,84.43,2091256.0,2.01
2017,East Midlands,E12000004,Region,192976,134685,327662,328120,1227833,532265,1760098,1827562,1420809,666950,2087760,2155682,Invalid,15.22,84.78,15.22,84.78,2133285.0,1.05
2018,East Midlands,E12000004,Region,200080,133300,333380,334324,1203554,534129,1737683,1817166,1403635,667429,2071063,2151490,Invalid,15.54,84.46,15.54,84.46,2155682.0,-0.19
2019,East Midlands,E12000004,Region,197358,139754,337112,337614,1215505,536915,1752420,1830545,1412863,676670,2089532,2168159,Invalid,15.57,84.43,15.57,84.43,2151490.0,0.77
2009,Enfield,E09000010,Local Authority,15205,7925,23130,23176,48091,21280,69371,71763,63295,29205,92501,94939,Invalid,24.41,75.59,24.41,75.59,,N/A
2010,Enfield,E09000010,Local Authority,14581,9720,24301,24467,46409,22934,69342,71296,60990,32655,93643,95763,Invalid,25.55,74.45,25.55,74.45,94939.0,0.87
2011,Enfield,E09000010,Local Authority,15125,7814,22939,22963,46411,23080,69491,72162,61536,30894,92429,95125,Invalid,24.14,75.86,24.14,75.86,95763.0,-0.67
2012,Enfield,E09000010,Local Authority,15433,7652,23085,23094,49320,25283,74603,76960,64753,32934,97688,100054,Invalid,23.08,76.92,23.08,76.92,95125.0,5.18
2013,Enfield,E09000010,Local Authority,14876,7891,22767,23060,48756,23827,72582,75116,63632,31718,95349,98176,Invalid,23.49,76.51,23.49,76.51,100054.0,-1.88
2014,Enfield,E09000010,Local Authority,15300,6708,22008,22020,51817,25588,77404,79474,67117,32295,99412,101494,Invalid,21.7,78.3,21.7,78.3,98176.0,3.38
2015,Enfield,E09000010,Local Authority,14369,7707,22075,22282,54380,25966,80345,83178,68749,33672,102421,105460,Invalid,21.13,78.87,21.13,78.87,101494.0,3.91
2016,Enfield,E09000010,Local Authority,12436,8373,20809,20882,53586,26035,79621,81684,66022,34407,100429,102566,Invalid,20.36,79.64,20.36,79.64,105460.0,-2.74
2017,Enfield,E09000010,Local Authority,12654,7968,20622,20633,56104,29092,85196,87406,68758,37060,105818,108039,Valid,19.1,80.9,19.1,80.9,102566.0,5.34
2018,Enfield,E09000010,Local Authority,11876,8179,20055,20086,54407,29030,83437,85617,66283,37209,103493,105703,Invalid,19.0,81.0,19.0,81.0,108039.0,-2.16
2019,Enfield,E09000010,Local Authority,11917,8198,20115,20130,56215,28276,84491,86647,68133,36474,104607,106777,Invalid,18.85,81.15,18.85,81.15,105703.0,1.02
2009,England,E92000001,Nation,3031712,1820785,4852497,5039846,12676924,5535252,18212177,19028251,15708636,7356037,23064674,24068097,Invalid,20.94,79.06,20.94,79.06,,N/A
2010,England,E92000001,Nation,3173328,1929576,5102904,5292943,12525932,5456632,17982375,18689053,15699261,7386208,23085279,23981996,Invalid,22.07,77.93,22.07,77.93,24068097.0,-0.36
2011,England,E92000001,Nation,2993291,1884590,4877882,5061942,12618509,5576829,18195338,19000668,15611800,7461419,23073219,24062609,Invalid,21.04,78.96,21.04,78.96,23981996.0,0.34
2012,England,E92000001,Nation,2827234,1781192,4608426,4792995,12857513,5790079,18647593,19415246,15684747,7571271,23256019,24208241,Invalid,19.8,80.2,19.8,80.2,24062609.0,0.61
2013,England,E92000001,Nation,2839945,1691915,4531862,4712460,13155772,5873141,19028910,19768998,15995717,7565056,23560772,24481459,Invalid,19.25,80.75,19.25,80.75,24208241.0,1.13
2014,England,E92000001,Nation,2713440,1618908,4332349,4515101,13936834,6016658,19953490,20622077,16650274,7635566,24285839,25137178,Invalid,17.96,82.04,17.96,82.04,24481459.0,2.68
2015,England,E92000001,Nation,2620087,1574587,4194749,4205688,14647058,6202684,20849743,21727955,17267145,7777272,25044492,25933644,Invalid,16.22,83.78,16.22,83.78,25137178.0,3.17
2016,England,E92000001,Nation,2609614,1588951,4198565,4208508,14766196,6512666,21278860,22121873,17375809,8101617,25477425,26330381,Invalid,15.98,84.02,15.98,84.02,25933644.0,1.53
2017,England,E92000001,Nation,2612605,1603521,4216127,4225883,14899738,6704627,21604363,22455877,17512344,8308149,25820490,26681761,Invalid,15.84,84.16,15.84,84.16,26330381.0,1.33
2018,England,E92000001,Nation,2660473,1573533,4234006,4241642,14997233,6745007,21742242,22599864,17657707,8318540,25976248,26841506,Invalid,15.8,84.2,15.8,84.2,26681761.0,0.6
2019,England,E92000001,Nation,2685997,1573492,4259489,4269232,15222896,6825040,22047937,22884758,17908893,8398532,26307426,27153990,Invalid,15.72,84.28,15.72,84.28,26841506.0,1.16
2009,Great Britain,K03000001,Aggregate,3667669,2194009,5861678,6138956,14442558,6338353,20780913,21719234,18110227,8532362,26642590,27858190,Invalid,22.04,77.96,22.04,77.96,,N/A
2010,Great Britain,K03000001,Aggregate,3812835,2305929,6118764,6399383,14206122,6256614,20462547,21272210,18018957,8562543,26581311,27671593,Invalid,23.13,76.87,23.13,76.87,27858190.0,-0.67
2011,Great Britain,K03000001,Aggregate,3615520,2254088,5869608,6140902,14326551,6397321,20723872,21655547,17942071,8651409,26593480,27796450,Valid,22.09,77.91,22.09,77.91,27671593.0,0.45
2012,Great Britain,K03000001,Aggregate,3437131,2142637,5579769,5851572,2012000,2012000,2012000,2012000,17996880,8755988,26752869,27905428,Invalid,20.97,7.21,20.97,7.21,27796450.0,0.39
2013,Great Britain,K03000001,Aggregate,3439641,2069687,5509330,5770720,14887909,6699091,21586997,22446735,18327550,8768778,27096327,28217456,Invalid,20.45,79.55,20.45,79.55,27905428.0,1.12
2014,Great Britain,K03000001,Aggregate,3282540,1977689,5260230,5525367,15799045,6872341,22671383,23444653,19081585,8850029,27931613,28970019,Invalid,19.07,80.93,19.07,80.93,28217456.0,2.67
2015,Great Britain,K03000001,Aggregate,3148232,1922138,5070445,5081804,16536490,7131668,23668158,24737385,19684722,9053806,28738603,29819189,Invalid,17.04,82.96,17.04,82.96,28970019.0,2.93
2016,Great Britain,K03000001,Aggregate,3142470,1932928,5075399,5085635,16695059,7443663,24138720,25164516,19837529,9376592,29214119,30250152,Invalid,16.81,83.19,16.81,83.19,29819189.0,1.45
2017,Great Britain,K03000001,Aggregate,3156614,1939304,5095918,5106241,16798213,7655762,24453972,25486948,19954827,9595066,29549891,30593189,Invalid,16.69,83.31,16.69,83.31,30250152.0,1.13
2018,Great Britain,K03000001,Aggregate,3195330,1917879,5113209,5121232,16936865,7707776,24644642,25693314,20132195,9625655,29757851,30814545,Invalid,16.62,83.38,16.62,83.38,30593189.0,0.72
2019,Great Britain,K03000001,Aggregate,3228596,1912470,5141066,5150984,17160460,7777465,24937926,25936586,20389056,9689936,30078992,31087571,Invalid,16.57,83.43,16.57,83.43,30814545.0,0.89
2009,Greenwich,E09000011,Local Authority,13650,7076,20726,20742,30675,15857,46533,48461,44325,22933,67258,69203,Invalid,29.97,70.03,29.97,70.03,,N/A
2010,Greenwich,E09000011,Local Authority,14498,7120,21619,21701,29414,16873,46285,48000,43912,23994,67904,69701,Invalid,31.13,68.87,31.13,68.87,69203.0,0.72
2011,Greenwich,E09000011,Local Authority,14484,8000,22484,22572,29250,17171,46421,48612,43734,25170,68905,71184,Invalid,31.71,68.29,31.71,68.29,69701.0,2.13
2012,Greenwich,E09000011,Local Authority,12335,7381,19716,19719,30989,18753,49742,51657,43324,26134,69458,71376,Valid,27.63,72.37,27.63,72.37,71184.0,0.27
2013,Greenwich,E09000011,Local Authority,13065,7374,20439,20442,33089,19215,52303,54061,46153,26589,72742,74503,Invalid,27.44,72.56,27.44,72.56,71376.0,4.38
2014,Greenwich,E09000011,Local Authority,12320,8205,20525,20527,33524,19573,53097,54667,45843,27779,73622,75194,Valid,27.3,72.7,27.3,72.7,74503.0,0.93
2015,Greenwich,E09000011,Local Authority,12794,8977,21771,21775,36370,21751,58121,60114,49164,30727,79891,81889,Invalid,26.59,73.41,26.59,73.41,75194.0,8.9
2016,Greenwich,E09000011,Local Authority,12341,8042,20383,20390,37413,21308,58721,60270,49754,29350,79104,80660,Valid,25.28,74.72,25.28,74.72,81889.0,-1.5
2017,Greenwich,E09000011,Local Authority,12914,8700,21614,21620,39079,24281,63360,65512,51993,32981,84973,87132,Invalid,24.81,75.19,24.81,75.19,80660.0,8.02
2018,Greenwich,E09000011,Local Authority,13016,8659,21675,21683,39574,23163,62736,64722,52590,31821,84411,86405,Invalid,25.09,74.91,25.09,74.91,87132.0,-0.83
2019,Greenwich,E09000011,Local Authority,13073,9145,22218,22230,39651,23744,63395,64792,52724,32889,85613,87022,Valid,25.55,74.45,25.55,74.45,86405.0,0.71
2009,Hackney,E09000012,Local Authority,12283,5354,17637,17796,48409,19609,68018,70748,60692,24963,85655,88544,Valid,20.1,79.9,20.1,79.9,,N/A
2010,Hackney,E09000012,Local Authority,13660,5245,18905,18954,48539,18103,66640,69532,62199,23348,85545,88486,Invalid,21.42,78.58,21.42,78.58,88544.0,-0.07
2011,Hackney,E09000012,Local Authority,13451,5263,18714,18843,50363,20766,71129,74882,63814,26029,89843,93725,Valid,20.1,79.9,20.1,79.9,88486.0,5.92
2012,Hackney,E09000012,Local Authority,11820,5301,17121,17245,51221,22002,73223,76637,63041,27303,90344,93882,Valid,18.37,81.63,18.37,81.63,93725.0,0.17
2013,Hackney,E09000012,Local Authority,10809,3106,13915,14737,54881,21034,75915,80100,65690,24140,89830,94837,Valid,15.54,84.46,15.54,84.46,93882.0,1.02
2014,Hackney,E09000012,Local Authority,13635,5552,19187,19191,60834,22457,83291,86959,74469,28009,102478,106150,Valid,18.08,81.92,18.08,81.92,94837.0,11.93
2015,Hackney,E09000012,Local Authority,14244,5430,19674,19724,65585,23396,88981,93238,79829,28826,108654,112962,Invalid,17.46,82.54,17.46,82.54,106150.0,6.42
2016,Hackney,E09000012,Local Authority,13567,5274,18841,18864,75805,26811,102616,105998,89372,32085,121457,124861,Valid,15.11,84.89,15.11,84.89,112962.0,10.53
2017,Hackney,E09000012,Local Authority,13599,5452,19052,19076,73492,27163,100655,104267,87091,32615,119706,123343,Invalid,15.47,84.53,15.47,84.53,124861.0,-1.22
2018,Hackney,E09000012,Local Authority,13813,4222,18035,18061,78293,29473,107766,110887,92106,33695,125801,128948,Valid,14.01,85.99,14.01,85.99,123343.0,4.54
2019,Hackney,E09000012,Local Authority,13845,4008,17853,17882,83091,29568,112659,115490,96935,33576,130512,133372,Invalid,13.41,86.59,13.41,86.59,128948.0,3.43
2009,Hammersmith and Fulham,E09000013,Local Authority,23615,4352,27967,28137,63193,26903,90096,92401,86808,31255,118063,120538,Valid,23.34,76.66,23.34,76.66,,N/A
2010,Hammersmith and Fulham,E09000013,Local Authority,26035,4354,30389,30433,67176,27970,95141,97605,93211,32324,125530,128039,Invalid,23.77,76.23,23.77,76.23,120538.0,6.22
2011,Hammersmith and Fulham,E09000013,Local Authority,23320,3789,27110,27115,67151,28163,95314,98182,90471,31952,122424,125297,Invalid,21.64,78.36,21.64,78.36,128039.0,-2.14
2012,Hammersmith and Fulham,E09000013,Local Authority,22564,3697,26260,26353,70503,30381,100884,103908,93066,34077,127144,130260,Invalid,20.23,79.77,20.23,79.77,125297.0,3.96
2013,Hammersmith and Fulham,E09000013,Local Authority,18521,3290,21810,21839,71372,33989,105361,108428,89893,37278,127171,130267,Invalid,16.76,83.24,16.76,83.24,130260.0,0.01
2014,Hammersmith and Fulham,E09000013,Local Authority,18275,3168,21443,21456,72791,33648,106439,108970,91066,36816,127882,130426,Valid,16.45,83.55,16.45,83.55,130267.0,0.12
2015,Hammersmith and Fulham,E09000013,Local Authority,17729,3277,21006,21062,79464,34098,113562,116536,97194,37374,134568,137598,Valid,15.31,84.69,15.31,84.69,130426.0,5.5
2016,Hammersmith and Fulham,E09000013,Local Authority,17135,3168,20303,20400,81173,35841,117014,119090,98309,39009,137318,139490,Invalid,14.62,85.38,14.62,85.38,137598.0,1.38
2017,Hammersmith and Fulham,E09000013,Local Authority,17142,3527,20669,20741,80464,34103,114566,116838,97606,37630,135235,137579,Invalid,15.08,84.92,15.08,84.92,139490.0,-1.37
2018,Hammersmith and Fulham,E09000013,Local Authority,18127,3177,21304,21380,80568,35539,116107,117964,98695,38716,137411,139345,Valid,15.34,84.66,15.34,84.66,137579.0,1.28
2019,Hammersmith and Fulham,E09000013,Local Authority,18415,3318,21733,21829,80973,33859,114832,116629,99388,37177,136565,138458,Valid,15.77,84.23,15.77,84.23,139345.0,-0.64
2009,Haringey,E09000014,Local Authority,8092,6844,14936,15258,29702,15096,44798,47135,37794,21940,59734,62393,Valid,24.45,75.55,24.45,75.55,,N/A
2010,Haringey,E09000014,Local Authority,11173,4880,16053,16068,28290,15562,43851,45877,39463,20442,59904,61945,Invalid,25.94,74.06,25.94,74.06,62393.0,-0.72
2011,Haringey,E09000014,Local Authority,9940,4374,14314,14332,29107,15878,44985,47524,39046,20253,59299,61856,Valid,23.17,76.83,23.17,76.83,61945.0,-0.14
2012,Haringey,E09000014,Local Authority,9256,3243,12499,12502,30817,17941,48757,51197,40073,21184,61256,63699,Invalid,19.63,80.37,19.63,80.37,61856.0,2.98
2013,Haringey,E09000014,Local Authority,8540,2847,11387,11390,32092,19109,51201,53576,40632,21956,62588,64967,Valid,17.53,82.47,17.53,82.47,63699.0,1.99
2014,Haringey,E09000014,Local Authority,8742,3701,12443,12458,36037,19648,55685,57772,44779,23349,68128,70230,Valid,17.74,82.26,17.74,82.26,64967.0,8.1
2015,Haringey,E09000014,Local Authority,9366,3602,12969,12990,35564,19326,54889,57679,44930,22928,67858,70669,Invalid,18.38,81.62,18.38,81.62,70230.0,0.63
2016,Haringey,E09000014,Local Authority,9251,3255,12506,12513,34421,19151,53572,55943,43672,22406,66078,68456,Valid,18.28,81.72,18.28,81.72,70669.0,-3.13
2017,Haringey,E09000014,Local Authority,8786,3238,12024,12045,37215,20626,57841,60534,46001,23864,69866,72579,Invalid,16.6,83.4,16.6,83.4,68456.0,6.02
2018,Haringey,E09000014,Local Authority,8153,2757,10911,10922,35919,19375,55294,57212,44073,22132,66205,68135,Invalid,16.03,83.97,16.03,83.97,72579.0,-6.12
2019,Haringey,E09000014,Local Authority,7900,3289,11189,11209,35623,19554,55177,57266,43523,22843,66366,68475,Valid,16.37,83.63,16.37,83.63,68135.0,0.5
2009,Harrow,E09000015,Local Authority,8031,4031,12062,12077,36880,15633,52513,55225,44911,19665,64575,67301,Invalid,17.94,82.06,17.94,82.06,,N/A
2010,Harrow,E09000015,Local Authority,6694,6405,13099,13104,37475,15071,52545,54633,44169,21476,65644,67737,Invalid,19.35,80.65,19.35,80.65,67301.0,0.65
2011,Harrow,E09000015,Local Authority,5802,7085,12888,12950,34667,16380,51047,53797,40470,23465,63935,66747,Invalid,19.4,80.6,19.4,80.6,67737.0,-1.46
2012,Harrow,E09000015,Local Authority,6386,4908,11294,11304,36687,17635,54322,56756,43073,22543,65616,68060,Valid,16.61,83.39,16.61,83.39,66747.0,1.97
2013,Harrow,E09000015,Local Authority,6265,4829,11094,11099,39195,18332,57526,60116,45460,23161,68620,71215,Invalid,15.59,84.41,15.59,84.41,68060.0,4.64
2014,Harrow,E09000015,Local Authority,5882,4852,10734,10744,41387,19674,61061,63320,47269,24526,71795,74064,Valid,14.51,85.49,14.51,85.49,71215.0,4.0
2015,Harrow,E09000015,Local Authority,5887,4916,10803,10822,41783,18443,60226,62655,47670,23359,71029,73477,Valid,14.73,85.27,14.73,85.27,74064.0,-0.79
2016,Harrow,E09000015,Local Authority,5974,5052,11026,11035,42721,18548,61269,63312,48695,23600,72295,74347,Valid,14.84,85.16,14.84,85.16,73477.0,1.18
2017,Harrow,E09000015,Local Authority,6105,4818,10922,10931,42138,21166,63303,65565,48242,25983,74225,76496,Invalid,14.29,85.71,14.29,85.71,74347.0,2.89
2018,Harrow,E09000015,Local Authority,6336,4205,10541,10548,38911,21072,59984,61918,45248,25277,70525,72466,Invalid,14.56,85.44,14.56,85.44,76496.0,-5.27
2019,Harrow,E09000015,Local Authority,5868,4372,10239,10245,40693,19847,60541,62265,46561,24219,70780,72510,Invalid,14.13,85.87,14.13,85.87,72466.0,0.06
2009,Havering,E09000016,Local Authority,10487,6037,16524,16532,36048,18988,55036,57624,46536,25025,71561,74156,Invalid,22.29,77.71,22.29,77.71,,N/A
2010,Havering,E09000016,Local Authority,11240,5689,16929,16929,35035,19191,54224,56244,46275,24880,71153,73173,Invalid,23.14,76.86,23.14,76.86,74156.0,-1.33
2011,Havering,E09000016,Local Authority,10677,6078,16754,16764,34435,18806,53241,55895,45112,24884,69995,72659,Invalid,23.07,76.93,23.07,76.93,73173.0,-0.7
2012,Havering,E09000016,Local Authority,10973,6350,17324,17330,37194,19587,56781,59011,48167,25938,74105,76342,Invalid,22.7,77.3,22.7,77.3,72659.0,5.07
2013,Havering,E09000016,Local Authority,10851,6002,16852,16855,38527,19187,57713,60169,49377,25189,74566,77023,Invalid,21.88,78.12,21.88,78.12,76342.0,0.89
2014,Havering,E09000016,Local Authority,10605,5791,16396,16402,40136,20860,60996,62895,50741,26651,77392,79298,Valid,20.68,79.31,20.68,79.31,77023.0,2.95
2015,Havering,E09000016,Local Authority,10902,5619,16521,16548,41099,21440,62537,64788,52001,27059,79058,81336,Invalid,20.35,79.65,20.35,79.65,79298.0,2.57
2016,Havering,E09000016,Local Authority,10531,5942,16474,16483,43726,22226,65952,68014,54257,28168,82425,84497,Invalid,19.51,80.49,19.51,80.49,81336.0,3.89
2017,Havering,E09000016,Local Authority,10336,6080,16415,16423,43820,23864,67684,69664,54156,29944,84100,86087,Invalid,19.08,80.92,19.08,80.92,84497.0,1.88
2018,Havering,E09000016,Local Authority,9959,5170,15128,15146,48088,24371,72459,74234,58047,29540,87587,89379,Invalid,16.95,83.06,16.95,83.06,86087.0,3.82
2019,Havering,E09000016,Local Authority,10394,4296,14689,14698,46632,23701,70333,71998,57026,27996,85022,86697,Invalid,16.95,83.05,16.95,83.05,89379.0,-3.0
2009,Hillingdon,E09000017,Local Authority,15402,5379,20781,20815,123964,38949,162912,165730,139366,44328,183693,186545,Invalid,11.16,88.84,11.16,88.84,,N/A
2010,Hillingdon,E09000017,Local Authority,14812,6485,21297,21404,121930,39184,161111,163375,136742,45669,182408,184779,Invalid,11.58,88.42,11.58,88.42,186545.0,-0.95
2011,Hillingdon,E09000017,Local Authority,12659,8626,21285,21326,121161,41234,162394,165280,133820,49859,183679,186606,Invalid,11.43,88.57,11.43,88.57,184779.0,0.99
2012,Hillingdon,E09000017,Local Authority,13521,7062,20583,20588,126712,43801,170513,173211,140234,50863,191096,193799,Invalid,10.62,89.38,10.62,89.38,186606.0,3.85
2013,Hillingdon,E09000017,Local Authority,15507,7470,22977,22992,129359,45026,174385,177031,144867,52496,197362,200023,Invalid,11.49,88.51,11.49,88.51,193799.0,3.21
2014,Hillingdon,E09000017,Local Authority,16159,7097,23256,23308,134672,43910,178582,180950,150831,51007,201838,204258,Valid,11.41,88.59,11.41,88.59,200023.0,2.12
2015,Hillingdon,E09000017,Local Authority,14607,8881,23488,23564,120552,37029,157581,160739,135159,45910,181069,184303,Valid,12.79,87.21,12.79,87.21,204258.0,-9.77
2016,Hillingdon,E09000017,Local Authority,14116,8605,22721,22759,122995,39100,162096,164677,137112,47705,184816,187436,Invalid,12.14,87.86,12.14,87.86,184303.0,1.7
2017,Hillingdon,E09000017,Local Authority,14910,9884,24795,24889,123953,40611,164564,167501,138863,50496,189359,192389,Invalid,12.94,87.06,12.94,87.06,187436.0,2.64
2018,Hillingdon,E09000017,Local Authority,13996,10122,24117,24185,119938,40392,160329,162644,133933,50513,184447,186829,Invalid,12.94,87.06,12.94,87.06,192389.0,-2.89
2019,Hillingdon,E09000017,Local Authority,15621,8245,23866,23947,124100,41028,165128,167167,139721,49273,188994,191115,Valid,12.53,87.47,12.53,87.47,186829.0,2.29
2009,Hounslow,E09000018,Local Authority,12390,5101,17491,17513,79813,24949,104763,107256,92203,30050,122253,124769,Invalid,14.04,85.96,14.04,85.96,,N/A
2010,Hounslow,E09000018,Local Authority,19398,5429,24827,24842,74273,26303,100574,102759,93672,31732,125401,127601,Invalid,19.47,80.53,19.47,80.53,124769.0,2.27
2011,Hounslow,E09000018,Local Authority,11587,6033,17620,17621,82848,25914,108761,111495,94435,31946,126381,129116,Invalid,13.65,86.35,13.65,86.35,127601.0,1.19
2012,Hounslow,E09000018,Local Authority,12496,5535,18031,18037,90740,28972,119712,122369,103236,34508,137744,140406,Invalid,12.85,87.15,12.85,87.15,129116.0,8.74
2013,Hounslow,E09000018,Local Authority,11979,5236,17215,17219,95362,28504,123867,126084,107341,33740,141081,143304,Invalid,12.02,87.98,12.02,87.98,140406.0,2.06
2014,Hounslow,E09000018,Local Authority,11710,4956,16665,16678,92866,28901,121768,123804,104576,33857,138433,140482,Invalid,11.87,88.13,11.87,88.13,143304.0,-1.97
2015,Hounslow,E09000018,Local Authority,10249,3775,14024,14042,105622,41435,147057,149334,115871,45211,161082,163376,Invalid,8.59,91.41,8.59,91.41,140482.0,16.3
2016,Hounslow,E09000018,Local Authority,12748,4252,17000,17014,113102,40685,153787,155827,125850,44938,170787,172841,Invalid,9.84,90.16,9.84,90.16,163376.0,5.79
2017,Hounslow,E09000018,Local Authority,12002,4061,16063,16412,105039,40976,146015,147931,117042,45036,162078,164343,Valid,9.99,90.01,9.99,90.01,172841.0,-4.92
2018,Hounslow,E09000018,Local Authority,12308,4309,16617,16631,102050,38785,140836,142653,114358,43095,157453,159284,Invalid,10.44,89.56,10.44,89.56,164343.0,-3.08
2019,Hounslow,E09000018,Local Authority,12858,4398,17256,17266,107258,38254,145512,147306,120116,42652,162768,164572,Valid,10.49,89.51,10.49,89.51,159284.0,3.32
2009,Inner London,E13000001,Local Authority,342671,92976,435647,438373,1593886,477146,2071031,2148450,1936557,570121,2506679,2586823,Invalid,16.95,83.05,16.95,83.05,,N/A
2010,Inner London,E13000001,Local Authority,365654,94268,459922,462260,1612588,478253,2090766,2164327,1978242,572522,2550688,2626587,Invalid,17.6,82.4,17.6,82.4,2586823.0,1.54
2011,Inner London,E13000001,Local Authority,356316,88533,444848,446647,1686509,514067,2200575,2291468,2042825,602599,2645424,2738115,Invalid,16.31,83.69,16.31,83.69,2626587.0,4.25
2012,Inner London,E13000001,Local Authority,351697,86900,438597,440320,1741812,549973,2291784,2387335,2093509,636873,2730381,2827655,Invalid,15.57,84.43,15.57,84.43,2738115.0,3.27
2013,Inner London,E13000001,Local Authority,348475,87664,436139,438565,1805610,565486,2371093,2463939,2154085,653150,2807232,2902505,Invalid,15.11,84.89,15.11,84.89,2827655.0,2.65
2014,Inner London,E13000001,Local Authority,344356,89097,433452,434369,1913427,585712,2499138,2577677,2257782,674809,2932590,3012045,Invalid,14.42,85.58,14.42,85.58,2902505.0,3.77
2015,Inner London,E13000001,Local Authority,346355,93689,440043,442390,2043531,594329,2637860,2742419,2389886,688017,3077903,3184810,Invalid,13.89,86.11,13.89,86.11,3012045.0,5.74
2016,Inner London,E13000001,Local Authority,339751,93734,433485,435108,2094525,615494,2710018,2794555,2434276,709228,3143503,3229662,Invalid,13.47,86.53,13.47,86.53,3184810.0,1.41
2017,Inner London,E13000001,Local Authority,342127,101581,443709,445211,2107743,652299,2760042,2848230,2449870,753880,3203751,3293441,Invalid,13.52,86.48,13.52,86.48,3229662.0,1.97
2018,Inner London,E13000001,Local Authority,350059,95624,445682,447035,2172457,655934,2828393,2906937,2522515,751557,3274075,3353972,Invalid,13.33,86.67,13.33,86.67,3293441.0,1.84
2019,Inner London,E13000001,Local Authority,356971,95802,452772,454045,2234907,654052,2888960,2966792,2591877,749853,3341732,3420838,Invalid,13.27,86.73,13.27,86.73,3353972.0,1.99
2009,Islington,E09000019,Local Authority,26574,7184,33758,33788,115554,33146,148700,154366,142128,40329,182458,188154,Invalid,17.96,82.04,17.96,82.04,,N/A
2010,Islington,E09000019,Local Authority,28632,5643,34275,34306,118196,31387,149575,154951,146828,37030,183850,189258,Invalid,18.13,81.87,18.13,81.87,188154.0,0.59
2011,Islington,E09000019,Local Authority,24629,6421,31051,31142,119020,30601,149621,156332,143650,37022,180672,187475,Invalid,16.61,83.39,16.61,83.39,189258.0,-0.94
2012,Islington,E09000019,Local Authority,23791,7134,30925,30989,120344,35499,155842,162147,144134,42633,186767,193135,Invalid,16.05,83.96,16.05,83.96,187475.0,3.02
2013,Islington,E09000019,Local Authority,25751,8298,34049,34080,126184,41402,167586,173819,151936,49699,201635,207900,Valid,16.39,83.61,16.39,83.61,193135.0,7.64
2014,Islington,E09000019,Local Authority,21694,9272,30966,30971,135290,42203,177493,182669,156985,51475,208459,213640,Invalid,14.5,85.5,14.5,85.5,207900.0,2.76
2015,Islington,E09000019,Local Authority,22338,5256,27594,27604,155832,39141,194973,201021,178170,44397,222567,228624,Valid,12.07,87.93,12.07,87.93,213640.0,7.01
2016,Islington,E09000019,Local Authority,20099,4497,24597,24600,161794,41468,203262,208049,181894,45965,227859,232650,Invalid,10.57,89.43,10.57,89.43,228624.0,1.76
2017,Islington,E09000019,Local Authority,14583,4019,18602,18611,160657,41400,202058,207627,175241,45419,220660,226239,Invalid,8.23,91.77,8.23,91.77,232650.0,-2.76
2018,Islington,E09000019,Local Authority,15358,4091,19449,19474,167158,44411,211569,216799,182517,48501,231018,236273,Valid,8.24,91.76,8.24,91.76,226239.0,4.44
2019,Islington,E09000019,Local Authority,15891,4282,20173,20185,169572,44788,214360,219259,185463,49070,234533,239444,Valid,8.43,91.57,8.43,91.57,236273.0,1.34
2009,Kensington and Chelsea,E09000020,Local Authority,15991,5305,21297,21432,63368,25973,89341,92133,79359,31279,110638,113566,Invalid,18.87,81.13,18.87,81.13,,N/A
2010,Kensington and Chelsea,E09000020,Local Authority,16417,6356,22774,22881,64684,26050,90732,93862,81101,32406,113506,116744,Invalid,19.6,80.4,19.6,80.4,113566.0,2.8
2011,Kensington and Chelsea,E09000020,Local Authority,16123,3610,19732,19840,66631,28134,94765,98635,82754,31744,114498,118475,Invalid,16.75,83.25,16.75,83.25,116744.0,1.48
2012,Kensington and Chelsea,E09000020,Local Authority,15530,4375,19905,20004,70865,30638,101503,105290,86395,35013,121408,125294,Valid,15.97,84.03,15.97,84.03,118475.0,5.76
2013,Kensington and Chelsea,E09000020,Local Authority,15092,3443,18534,18543,72511,29747,102258,106559,87603,33190,120793,125102,Invalid,14.82,85.18,14.82,85.18,125294.0,-0.15
2014,Kensington and Chelsea,E09000020,Local Authority,14692,3572,18264,18546,74179,29758,103937,107077,88872,33330,122202,125623,Invalid,14.76,85.24,14.76,85.24,125102.0,0.42
2015,Kensington and Chelsea,E09000020,Local Authority,13634,6015,19649,19655,79006,29119,108126,112869,92640,35135,127775,132523,Invalid,14.83,85.17,14.83,85.17,125623.0,5.49
2016,Kensington and Chelsea,E09000020,Local Authority,13723,4626,18349,18583,79487,29472,108959,111748,93210,34098,127308,130332,Valid,14.26,85.74,14.26,85.74,132523.0,-1.65
2017,Kensington and Chelsea,E09000020,Local Authority,14861,4933,19794,19800,84524,31192,115716,119366,99385,36125,135510,139166,Valid,14.23,85.77,14.23,85.77,130332.0,6.78
2018,Kensington and Chelsea,E09000020,Local Authority,15473,4604,20077,20484,84325,33524,117849,121190,99798,38128,137926,141674,Valid,14.46,85.54,14.46,85.54,139166.0,1.8
2019,Kensington and Chelsea,E09000020,Local Authority,15272,4189,19462,19493,89304,30290,119595,122393,104577,34479,139056,141886,Invalid,13.74,86.26,13.74,86.26,141674.0,0.15
2009,Kingston upon Thames,E09000021,Local Authority,8771,6391,15162,15167,40875,19608,60483,62193,49646,25999,75645,77360,Valid,19.61,80.39,19.61,80.39,,N/A
2010,Kingston upon Thames,E09000021,Local Authority,9103,5522,14625,14640,41240,20066,61306,62709,50344,25588,75931,77350,Invalid,18.93,81.07,18.93,81.07,77360.0,-0.01
2011,Kingston upon Thames,E09000021,Local Authority,8796,5821,14617,14634,37366,19059,56425,58316,46162,24880,71042,72950,Valid,20.06,79.94,20.06,79.94,77350.0,-5.69
2012,Kingston upon Thames,E09000021,Local Authority,8823,5344,14167,14181,35800,21659,57460,59212,44623,27003,71627,73393,Invalid,19.32,80.68,19.32,80.68,72950.0,0.61
2013,Kingston upon Thames,E09000021,Local Authority,7449,5794,13243,13246,37445,21380,58825,60548,44894,27174,72068,73794,Valid,17.95,82.05,17.95,82.05,73393.0,0.55
2014,Kingston upon Thames,E09000021,Local Authority,7450,4940,12389,12405,38103,20563,58666,60112,45553,25502,71055,72516,Invalid,17.11,82.89,17.11,82.89,73794.0,-1.73
2015,Kingston upon Thames,E09000021,Local Authority,7229,4858,12087,12112,44317,25264,69581,71440,51547,30121,81668,83552,Valid,14.5,85.5,14.5,85.5,72516.0,15.22
2016,Kingston upon Thames,E09000021,Local Authority,7078,4346,11424,11441,44101,24868,68970,70479,51179,29214,80394,81919,Invalid,13.97,86.03,13.97,86.03,83552.0,-1.95
2017,Kingston upon Thames,E09000021,Local Authority,7068,4478,11546,11560,45923,28260,74183,75497,52991,32738,85729,87057,Valid,13.28,86.72,13.28,86.72,81919.0,6.27
2018,Kingston upon Thames,E09000021,Local Authority,7011,3885,10896,10908,43346,26658,70004,71304,50358,30543,80900,82212,Invalid,13.27,86.73,13.27,86.73,87057.0,-5.57
2019,Kingston upon Thames,E09000021,Local Authority,6610,4318,10927,10940,41912,25274,67186,68369,48522,29591,78113,79309,Invalid,13.79,86.21,13.79,86.21,82212.0,-3.53
2009,Lambeth,E09000022,Local Authority,27845,6806,34651,34747,63945,27808,91753,95191,91790,34614,126404,129937,Valid,26.74,73.26,26.74,73.26,,N/A
2010,Lambeth,E09000022,Local Authority,29086,7256,36342,36462,60571,26665,87234,89871,89656,33921,123575,126333,Invalid,28.86,71.14,28.86,71.14,129937.0,-2.77
2011,Lambeth,E09000022,Local Authority,26700,6870,33570,33583,65879,28025,93904,97366,92579,34894,127474,130949,Invalid,25.65,74.35,25.65,74.35,126333.0,3.65
2012,Lambeth,E09000022,Local Authority,26219,6584,32802,32836,66509,31350,97859,101379,92727,37934,130661,134216,Invalid,24.47,75.53,24.47,75.53,130949.0,2.49
2013,Lambeth,E09000022,Local Authority,25370,7488,32858,32989,73752,33117,106869,109992,99122,40605,139727,142981,Valid,23.07,76.93,23.07,76.93,134216.0,6.53
2014,Lambeth,E09000022,Local Authority,26931,7629,34559,34564,77237,35118,112356,114893,104168,42747,146915,149457,Invalid,23.13,76.87,23.13,76.87,142981.0,4.53
2015,Lambeth,E09000022,Local Authority,27420,8961,36381,36447,80498,36252,116750,126031,107918,45213,153131,162479,Valid,22.43,77.57,22.43,77.57,149457.0,8.71
2016,Lambeth,E09000022,Local Authority,26524,8787,35311,35353,76139,31109,107249,109899,102664,39896,142560,145251,Invalid,24.34,75.66,24.34,75.66,162479.0,-10.6
2017,Lambeth,E09000022,Local Authority,26993,9036,36029,36359,77009,34990,111999,115614,104003,44025,148028,151973,Valid,23.92,76.08,23.92,76.08,145251.0,4.63
2018,Lambeth,E09000022,Local Authority,29205,8046,37251,37293,80922,37660,118582,120700,110127,45706,155833,157993,Valid,23.6,76.4,23.6,76.4,151973.0,3.96
2019,Lambeth,E09000022,Local Authority,29291,8754,38044,38072,79078,33991,113070,115309,108369,42745,151114,153381,Invalid,24.82,75.18,24.82,75.18,157993.0,-2.92
2009,Lewisham,E09000023,Local Authority,9934,7793,17727,17801,26910,13843,40753,42852,36844,21636,58480,60653,Valid,29.35,70.65,29.35,70.65,,N/A
2010,Lewisham,E09000023,Local Authority,10817,8079,18896,18984,25588,14453,40040,41777,36405,22532,58936,60761,Invalid,31.24,68.76,31.24,68.76,60653.0,0.18
2011,Lewisham,E09000023,Local Authority,12327,4738,17065,17232,26155,15631,41786,43873,38483,20369,58852,61105,Invalid,28.2,71.8,28.2,71.8,60761.0,0.57
2012,Lewisham,E09000023,Local Authority,7909,7545,15454,15654,28788,16799,45587,47493,36697,24345,61041,63147,Invalid,24.79,75.21,24.79,75.21,61105.0,3.34
2013,Lewisham,E09000023,Local Authority,9119,6694,15814,16213,29983,17151,47134,48899,39102,23845,62947,65112,Invalid,24.9,75.1,24.9,75.1,63147.0,3.11
2014,Lewisham,E09000023,Local Authority,10048,6304,16352,16357,30746,17364,48110,49800,40794,23668,64462,66157,Valid,24.72,75.28,24.72,75.28,65112.0,1.6
2015,Lewisham,E09000023,Local Authority,10096,6659,16755,17107,32097,18443,50540,52623,42193,25102,67295,69729,Valid,24.53,75.47,24.53,75.47,66157.0,5.4
2016,Lewisham,E09000023,Local Authority,9210,6143,15353,15616,31604,19128,50732,52641,40815,25270,66085,68257,Valid,22.88,77.12,22.88,77.12,69729.0,-2.11
2017,Lewisham,E09000023,Local Authority,9742,6024,15765,16182,31585,19945,51530,53224,41327,25969,67296,69406,Invalid,23.31,76.69,23.31,76.69,68257.0,1.68
2018,Lewisham,E09000023,Local Authority,9805,5828,15633,15637,30759,19589,50348,51792,40564,25417,65981,67429,Valid,23.19,76.81,23.19,76.81,69406.0,-2.85
2019,Lewisham,E09000023,Local Authority,9721,5807,15527,15546,31395,19151,50547,52002,41116,24958,66074,67548,Invalid,23.01,76.99,23.01,76.99,67429.0,0.18
2009,London,E12000007,Region,555380,207052,762433,766232,2516235,864790,3381025,3506450,3071615,1071842,4143458,4272682,Invalid,17.93,82.07,17.93,82.07,,N/A
2010,London,E12000007,Region,591202,220919,812121,815531,2522005,872446,3394334,3508030,3113207,1093365,4206454,4323562,Invalid,18.86,81.14,18.86,81.14,4272682.0,1.19
2011,London,E12000007,Region,565357,218398,783756,786668,2601412,918556,3519967,3662852,3166770,1136954,4303723,4449520,Invalid,17.68,82.32,17.68,82.32,4323562.0,2.91
2012,London,E12000007,Region,560062,204058,764120,766633,2688682,993898,3682577,3826942,3248744,1197956,4446697,4593575,Invalid,16.69,83.31,16.69,83.31,4449520.0,3.24
2013,London,E12000007,Region,549451,203857,753309,756901,2797068,1009506,3806569,3950083,3346519,1213363,4559878,4706983,Invalid,16.08,83.92,16.08,83.92,4593575.0,2.47
2014,London,E12000007,Region,546771,197019,743790,745580,2948041,1044833,3992872,4111732,3494811,1241852,4736662,4857311,Invalid,15.35,84.65,15.35,84.65,4706983.0,3.19
2015,London,E12000007,Region,547994,198707,746701,749833,3103446,1073379,4176825,4330899,3651440,1272086,4923526,5080733,Valid,14.76,85.24,14.76,85.24,4857311.0,4.6
2016,London,E12000007,Region,534113,202052,736164,738236,3181105,1101790,4282895,4408966,3715218,1303842,5019060,5147202,Invalid,14.34,85.66,14.34,85.66,5080733.0,1.31
2017,London,E12000007,Region,545472,211261,756733,759033,3203211,1174167,4377378,4508860,3748683,1385428,5134111,5267893,Valid,14.41,85.59,14.41,85.59,5147202.0,2.34
2018,London,E12000007,Region,552026,198555,750581,752569,3243294,1168622,4411922,4528268,3795320,1367178,5162503,5280836,Invalid,14.25,85.75,14.25,85.75,5267893.0,0.25
2019,London,E12000007,Region,558140,199721,757861,759681,3333503,1161638,4495144,4609115,3891643,1361359,5253005,5368796,Invalid,14.15,85.85,14.15,85.85,5280836.0,1.67
2009,Merton,E09000024,Local Authority,6629,3682,10311,10338,38553,16199,54751,56765,45181,19881,65062,67103,Invalid,15.41,84.59,15.41,84.59,,N/A
2010,Merton,E09000024,Local Authority,6920,3337,10257,10257,38985,18013,56995,58764,45905,21349,67251,69021,Invalid,14.86,85.14,14.86,85.14,67103.0,2.86
2011,Merton,E09000024,Local Authority,6810,3621,10432,10432,40925,18109,59034,61056,47735,21730,69465,71487,Invalid,14.59,85.41,14.59,85.41,69021.0,3.57
2012,Merton,E09000024,Local Authority,6488,3343,9831,9839,43809,20138,63947,65826,50297,23482,73778,75665,Invalid,13.0,87.0,13.0,87.0,71487.0,5.84
2013,Merton,E09000024,Local Authority,6920,3976,10896,10915,47151,21002,68153,70149,54071,24978,79049,81064,Valid,13.46,86.54,13.46,86.54,75665.0,7.14
2014,Merton,E09000024,Local Authority,6727,3077,9803,9806,47767,21035,68802,70277,54494,24112,78605,80084,Invalid,12.24,87.75,12.24,87.75,81064.0,-1.21
2015,Merton,E09000024,Local Authority,6553,3241,9794,9812,47529,21630,69159,71057,54082,24871,78954,80869,Invalid,12.13,87.87,12.13,87.87,80084.0,0.98
2016,Merton,E09000024,Local Authority,6073,2561,8634,8639,49834,22095,71929,73352,55907,24657,80563,81992,Invalid,10.54,89.46,10.54,89.46,80869.0,1.39
2017,Merton,E09000024,Local Authority,6015,2851,8866,8873,50464,23511,73976,75684,56480,26363,82842,84557,Invalid,10.49,89.51,10.49,89.51,81992.0,3.13
2018,Merton,E09000024,Local Authority,5617,2608,8225,8237,49076,24776,73852,75213,54693,27383,82077,83450,Invalid,9.87,90.13,9.87,90.13,84557.0,-1.31
2019,Merton,E09000024,Local Authority,5608,2484,8092,8104,49418,23029,72447,73822,55026,25513,80539,81926,Valid,9.89,90.11,9.89,90.11,83450.0,-1.83
2009,Newham,E09000025,Local Authority,17238,6881,24119,24138,32347,16089,48436,50592,49585,22970,72556,74730,Invalid,32.3,67.7,32.3,67.7,,N/A
2010,Newham,E09000025,Local Authority,16126,8205,24331,24690,32235,16504,48738,50372,48361,24709,73069,75061,Invalid,32.89,67.11,32.89,67.11,74730.0,0.44
2011,Newham,E09000025,Local Authority,18294,4817,23111,23114,34449,17752,52201,54301,52743,22568,75311,77415,Invalid,29.86,70.14,29.86,70.14,75061.0,3.14
2012,Newham,E09000025,Local Authority,17517,4706,22223,22230,40410,23558,63968,66062,57927,28264,86191,88292,Valid,25.18,74.82,25.18,74.82,77415.0,14.05
2013,Newham,E09000025,Local Authority,15958,6169,22127,22139,42279,23394,65673,67487,58237,29563,87799,89626,Invalid,24.7,75.3,24.7,75.3,88292.0,1.51
2014,Newham,E09000025,Local Authority,16070,5999,22069,22090,48576,24141,72717,74402,64647,30140,94786,96492,Invalid,22.89,77.11,22.89,77.11,89626.0,7.66
2015,Newham,E09000025,Local Authority,16118,5896,22015,22028,50465,27110,77575,79804,66583,33006,99590,101832,Invalid,21.63,78.37,21.63,78.37,96492.0,5.53
2016,Newham,E09000025,Local Authority,16203,7430,23632,23660,52323,26894,79217,81107,68526,34324,102849,104767,Invalid,22.58,77.42,22.58,77.42,101832.0,2.88
2017,Newham,E09000025,Local Authority,15917,6776,22693,22734,54446,29946,84392,86382,70363,36722,107085,109116,Valid,20.83,79.17,20.83,79.17,104767.0,4.15
2018,Newham,E09000025,Local Authority,18221,4494,22715,22855,57812,30896,88708,90446,76033,35390,111423,113302,Valid,20.17,79.83,20.17,79.83,109116.0,3.84
2019,Newham,E09000025,Local Authority,18678,4298,22976,23025,58016,30718,88735,90170,76694,35016,111711,113195,Invalid,20.34,79.66,20.34,79.66,113302.0,-0.09
2009,North East,E12000001,Region,177771,99075,276846,284539,500107,234730,734837,765419,677878,333804,1011682,1049958,Invalid,27.1,72.9,27.1,72.9,,N/A
2010,North East,E12000001,Region,180744,107079,287823,295257,493475,229711,723186,748823,674219,336790,1011009,1044080,Valid,28.28,71.72,28.28,71.72,1049958.0,-0.56
2011,North East,E12000001,Region,170958,100746,271703,278971,494261,240166,734428,757507,665219,340912,1006131,1036478,Invalid,26.92,73.08,26.92,73.08,1044080.0,-0.73
2012,North East,E12000001,Region,161298,98335,259633,266896,495012,246394,741406,764392,656310,344729,1001039,1031288,Valid,25.88,74.12,25.88,74.12,1036478.0,-0.5
2013,North East,E12000001,Region,157914,90671,248584,256020,513540,244259,757800,782906,671454,334930,1006384,1038926,Invalid,24.64,75.36,24.64,75.36,1031288.0,0.74
2014,North East,E12000001,Region,150050,91241,241291,248756,535840,256595,792436,817176,685890,347836,1033726,1065932,Invalid,23.34,76.66,23.34,76.66,1038926.0,2.6
2015,North East,E12000001,Region,144051,85022,229073,229202,568508,265888,834395,865224,712559,350910,1063468,1094425,Invalid,20.94,79.06,20.94,79.06,1065932.0,2.67
2016,North East,E12000001,Region,143848,84257,228105,228574,542628,266115,808743,843853,686476,350372,1036848,1072428,Valid,21.31,78.69,21.31,78.69,1094425.0,-2.01
2017,North East,E12000001,Region,140240,85422,225662,225985,559804,278593,838397,870120,700044,364015,1064059,1096104,Valid,20.62,79.38,20.62,79.38,1072428.0,2.21
2018,North East,E12000001,Region,142046,83961,226008,226041,562239,266449,828687,857461,704285,350410,1054695,1083502,Invalid,20.86,79.14,20.86,79.14,1096104.0,-1.15
2019,North East,E12000001,Region,145336,82400,227736,227980,562121,279317,841438,873391,707456,361717,1069174,1101371,Invalid,20.7,79.3,20.7,79.3,1083502.0,1.65
2009,North West,E12000002,Region,438228,253554,691783,715287,1612103,707807,2319910,2402965,2050331,961361,3011692,3118252,Invalid,22.94,77.06,22.94,77.06,,N/A
2010,North West,E12000002,Region,453620,268005,721625,745554,1561338,697241,2258579,2337684,2014958,965246,2980203,3083238,Invalid,24.18,75.82,24.18,75.82,3118252.0,-1.12
2011,North West,E12000002,Region,426674,260046,686720,709447,1595866,694674,2290541,2376643,2022540,954720,2977260,3086090,Invalid,22.99,77.01,22.99,77.01,3083238.0,0.09
2012,North West,E12000002,Region,398987,257270,656257,679370,1594245,736887,2331131,2425082,1993232,994157,2987389,3104452,Invalid,21.88,78.12,21.88,78.12,3086090.0,0.59
2013,North West,E12000002,Region,399108,239708,638815,661338,1646148,731779,2377926,2454234,2045255,971486,3016741,3115572,Invalid,21.23,78.77,21.23,78.77,3104452.0,0.36
2014,North West,E12000002,Region,380717,229649,610366,634221,1709176,766094,2475270,2549683,2089893,995743,3085636,3183904,Valid,19.92,80.08,19.92,80.08,3115572.0,2.19
2015,North West,E12000002,Region,375007,229337,604344,605867,1782013,776005,2558017,2657330,2157020,1005343,3162361,3263197,Invalid,18.57,81.43,18.57,81.43,3183904.0,2.49
2016,North West,E12000002,Region,378912,225875,604787,605919,1800545,840867,2641414,2738058,2179457,1066742,3246201,3343977,Invalid,18.12,81.88,18.12,81.88,3263197.0,2.48
2017,North West,E12000002,Region,377623,231607,609230,610233,1841019,840654,2681672,2774064,2218642,1072261,3290902,3384297,Invalid,18.03,81.97,18.03,81.97,3343977.0,1.21
2018,North West,E12000002,Region,384819,222207,607027,607619,1876454,845429,2721883,2823789,2261274,1067636,3328910,3431408,Invalid,17.71,82.29,17.71,82.29,3384297.0,1.39
2019,North West,E12000002,Region,386569,228320,614888,617390,1931101,856548,2787650,2880814,2317670,1084868,3402539,3498203,Invalid,17.65,82.35,17.65,82.35,3431408.0,1.95
2009,Outer London,E13000002,Local Authority,212384,113965,326349,327129,922349,387644,1309994,1358000,1134734,501609,1636343,1685129,Invalid,19.41,80.59,19.41,80.59,,N/A
2010,Outer London,E13000002,Local Authority,225227,126549,351776,352516,909417,394192,1303568,1343703,1134644,520742,1655344,1696219,Invalid,20.78,79.22,20.78,79.22,1685129.0,0.66
2011,Outer London,E13000002,Local Authority,208764,129763,338527,339316,914903,404489,1319392,1371384,1123667,534253,1657919,1710701,Invalid,19.83,80.17,19.83,80.17,1696219.0,0.85
2012,Outer London,E13000002,Local Authority,207909,117053,324962,325427,946870,443924,1390793,1439607,1154779,560977,1715755,1765033,Invalid,18.44,81.56,18.44,81.56,1710701.0,3.18
2013,Outer London,E13000002,Local Authority,200542,116087,316629,317501,991458,444020,1435477,1486143,1192000,560107,1752105,1803644,Invalid,17.6,82.4,17.6,82.4,1765033.0,2.19
2014,Outer London,E13000002,Local Authority,201986,107826,309812,310405,1034614,459121,1493734,1534055,1236600,566947,1803546,1844460,Invalid,16.83,83.17,16.83,83.17,1803644.0,2.26
2015,Outer London,E13000002,Local Authority,201639,105018,306658,307443,1059915,479051,1538964,1588480,1261554,584069,1845622,1895923,Invalid,16.22,83.78,16.22,83.78,1844460.0,2.79
2016,Outer London,E13000002,Local Authority,194362,108318,302680,303129,1086581,486296,1572878,1614411,1280943,594614,1875557,1917540,Invalid,15.81,84.19,15.81,84.19,1895923.0,1.14
2017,Outer London,E13000002,Local Authority,203345,109680,313024,313821,1095468,521868,1617336,1660630,1298813,631547,1930360,1974451,Invalid,15.89,84.11,15.89,84.11,1917540.0,2.97
2018,Outer London,E13000002,Local Authority,201967,102932,304899,305533,1070837,512689,1583529,1621330,1272804,615620,1888428,1926864,Invalid,15.86,84.14,15.86,84.14,1974451.0,-2.41
2019,Outer London,E13000002,Local Authority,201169,103919,305089,305636,1098597,507586,1606184,1642322,1299766,611505,1911272,1947958,Invalid,15.69,84.31,15.69,84.31,1926864.0,1.09
2009,Redbridge,E09000026,Local Authority,10940,7143,18083,18096,30784,16088,46873,48962,41724,23231,64955,67059,Invalid,26.99,73.01,26.99,73.01,,N/A
2010,Redbridge,E09000026,Local Authority,11778,6993,18771,18775,30406,15449,45852,47470,42185,22442,64623,66246,Invalid,28.34,71.66,28.34,71.66,67059.0,-1.21
2011,Redbridge,E09000026,Local Authority,11732,6597,18328,18388,31009,16324,47334,49486,42741,22921,65662,67874,Invalid,27.09,72.91,27.09,72.91,66246.0,2.46
2012,Redbridge,E09000026,Local Authority,11767,7055,18822,18832,32335,18148,50483,52534,44102,25203,69305,71366,Valid,26.39,73.61,26.39,73.61,67874.0,5.14
2013,Redbridge,E09000026,Local Authority,11245,5967,17212,17214,34214,18415,52630,54743,45460,24382,69842,71957,Invalid,23.92,76.08,23.92,76.08,71366.0,0.83
2014,Redbridge,E09000026,Local Authority,11418,6045,17463,17475,37860,19086,56946,58850,49278,25131,74409,76325,Valid,22.9,77.1,22.9,77.1,71957.0,6.07
2015,Redbridge,E09000026,Local Authority,11325,6065,17391,17398,39788,19711,59499,61828,51113,25777,76890,79226,Invalid,21.96,78.04,21.96,78.04,76325.0,3.8
2016,Redbridge,E09000026,Local Authority,10585,5406,15991,16000,39543,19764,59307,61277,50128,25170,75298,77277,Valid,20.7,79.3,20.7,79.3,79226.0,-2.46
2017,Redbridge,E09000026,Local Authority,11932,5638,17570,17582,40376,22190,62566,64706,52308,27829,80136,82288,Invalid,21.37,78.63,21.37,78.63,77277.0,6.48
2018,Redbridge,E09000026,Local Authority,11740,4906,16646,16652,39337,22073,61411,63182,51077,26979,78056,79833,Invalid,20.86,79.14,20.86,79.14,82288.0,-2.98
2019,Redbridge,E09000026,Local Authority,11517,4780,16297,16307,40975,21202,62177,64264,52491,25982,78473,80571,Invalid,20.24,79.76,20.24,79.76,79833.0,0.92
2009,Richmond upon Thames,E09000027,Local Authority,7083,3510,10593,10611,40896,16902,57798,60621,47979,20412,68391,71232,Valid,14.9,85.1,14.9,85.1,,N/A
2010,Richmond upon Thames,E09000027,Local Authority,7229,4258,11486,11494,41608,17507,59112,61595,48837,21764,70599,73088,Invalid,15.73,84.28,15.73,84.28,71232.0,2.61
2011,Richmond upon Thames,E09000027,Local Authority,6991,4220,11211,11213,42051,18683,60735,63943,49042,22903,71945,75156,Invalid,14.92,85.08,14.92,85.08,73088.0,2.83
2012,Richmond upon Thames,E09000027,Local Authority,5953,3404,9357,9362,43586,18193,61779,64907,49539,21597,71136,74269,Valid,12.61,87.39,12.61,87.39,75156.0,-1.18
2013,Richmond upon Thames,E09000027,Local Authority,5882,2961,8843,8843,46657,18479,65136,68574,52539,21440,73979,77418,Valid,11.42,88.58,11.42,88.58,74269.0,4.24
2014,Richmond upon Thames,E09000027,Local Authority,5662,3095,8758,8770,48168,19285,67453,69693,53830,22380,76210,78463,Invalid,11.18,88.82,11.18,88.82,77418.0,1.35
2015,Richmond upon Thames,E09000027,Local Authority,6636,2736,9371,9399,50158,21497,71655,74675,56794,24233,81027,84074,Invalid,11.18,88.82,11.18,88.82,78463.0,7.15
2016,Richmond upon Thames,E09000027,Local Authority,6525,3423,9947,9957,49330,21505,70835,73152,55855,24927,80782,83108,Invalid,11.98,88.02,11.98,88.02,84074.0,-1.15
2017,Richmond upon Thames,E09000027,Local Authority,6339,3150,9489,9502,48841,22942,71783,74124,55180,26092,81272,83626,Valid,11.36,88.64,11.36,88.64,83108.0,0.62
2018,Richmond upon Thames,E09000027,Local Authority,6372,3107,9479,9509,46982,22813,69795,71649,53354,25920,79275,81159,Invalid,11.72,88.28,11.72,88.28,83626.0,-2.95
2019,Richmond upon Thames,E09000027,Local Authority,6594,2986,9580,9592,49608,22793,72401,74366,56202,25779,81981,83958,Valid,11.42,88.58,11.42,88.58,81159.0,3.45
2009,Scotland,S92000003,Nation,423356,243697,667053,710199,1212528,527202,1739729,1812854,1635884,770899,2406782,2523054,Invalid,28.15,71.85,28.15,71.85,,N/A
2010,Scotland,S92000003,Nation,427759,238172,665931,709620,1141827,522754,1664580,1725694,1569586,760926,2330512,2435314,Invalid,29.14,70.86,29.14,70.86,2523054.0,-3.48
2011,Scotland,S92000003,Nation,407568,233787,641355,682890,1161572,546859,1708433,1789674,1569140,780647,2349788,2472564,Invalid,27.62,72.38,27.62,72.38,2435314.0,1.53
2012,Scotland,S92000003,Nation,396988,231020,628008,669530,1153874,536778,1690652,1758909,1550862,767798,2318660,2428439,Valid,27.57,72.43,27.57,72.43,2472564.0,-1.78
2013,Scotland,S92000003,Nation,392780,238205,630985,670811,1171275,546123,1717397,1790244,1564055,784328,2348382,2461055,Invalid,27.26,72.74,27.26,72.74,2428439.0,1.34
2014,Scotland,S92000003,Nation,376825,222300,599125,638597,1267634,570331,1837965,1901572,1644459,792632,2437089,2540169,Invalid,25.14,74.86,25.14,74.86,2461055.0,3.21
2015,Scotland,S92000003,Nation,356731,220209,576940,577069,1269109,615823,1884931,1986940,1625840,836032,2461871,2564009,Invalid,22.51,77.49,22.51,77.49,2540169.0,0.94
2016,Scotland,S92000003,Nation,353048,224762,577809,578058,1296265,607059,1903325,2008212,1649313,831821,2481134,2586270,Invalid,22.35,77.65,22.35,77.65,2564009.0,0.87
2017,Scotland,S92000003,Nation,359929,223764,583693,583942,1277637,626836,1904472,2005423,1637566,850600,2488165,2589365,Invalid,22.55,77.45,22.55,77.45,2586270.0,0.12
2018,Scotland,S92000003,Nation,355001,224408,579409,579472,1302749,626311,1929059,2032223,1657750,850719,2508468,2611695,Invalid,22.19,77.81,22.19,77.81,2589365.0,0.86
2019,Scotland,S92000003,Nation,356633,224475,581108,581151,1296720,625120,1921841,2020649,1653354,849595,2502948,2601800,Invalid,22.34,77.66,22.34,77.66,2611695.0,-0.38
2009,South East,E12000008,Region,427039,264610,691649,713428,2109992,925542,3035534,3177511,2537030,1190152,3727183,3890939,Invalid,18.34,81.66,18.34,81.66,,N/A
2010,South East,E12000008,Region,445124,283946,729070,751789,2106839,947488,3054324,3182875,2551963,1231433,3783394,3934664,Invalid,19.11,80.89,19.11,80.89,3890939.0,1.12
2011,South East,E12000008,Region,422181,273442,695624,717724,2067326,993001,3060327,3203060,2489507,1266443,3755950,3920784,Invalid,18.31,81.69,18.31,81.69,3934664.0,-0.35
2012,South East,E12000008,Region,391001,251142,642143,663866,2140755,996798,3137556,3269155,2531756,1247940,3779699,3933020,Invalid,16.88,83.12,16.88,83.12,3920784.0,0.31
2013,South East,E12000008,Region,396466,250721,647187,668432,2149012,1028433,3177446,3306772,2545478,1279154,3824633,3975204,Invalid,16.82,83.18,16.82,83.18,3933020.0,1.07
2014,South East,E12000008,Region,368402,246491,614893,636070,2281395,1011750,3293145,3410620,2649797,1258241,3908038,4046690,Valid,15.72,84.28,15.72,84.28,3975204.0,1.8
2015,South East,E12000008,Region,359384,238190,597574,599313,2416315,1059298,3475613,3606641,2775699,1297488,4073187,4205954,Valid,14.25,85.75,14.25,85.75,4046690.0,3.94
2016,South East,E12000008,Region,355313,239898,595211,596813,2444334,1107613,3551945,3681170,2799647,1347511,4147156,4277983,Invalid,13.95,86.05,13.95,86.05,4205954.0,1.71
2017,South East,E12000008,Region,356041,239439,595480,597223,2362704,1144813,3507516,3642358,2718745,1384252,4102996,4239582,Invalid,14.09,85.91,14.09,85.91,4277983.0,-0.9
2018,South East,E12000008,Region,367730,231637,599368,600255,2390198,1161300,3551495,3684994,2757928,1392938,4150863,4285249,Invalid,14.01,85.99,14.01,85.99,4239582.0,1.08
2019,South East,E12000008,Region,377927,228935,606863,608584,2443948,1164987,3608934,3733357,2821875,1393922,4215797,4341942,Invalid,14.02,85.98,14.02,85.98,4285249.0,1.32
2009,South West,E12000009,Region,287910,213983,501893,546575,1194994,617556,1812550,1922261,1482905,831539,2314443,2468836,Invalid,22.14,77.86,22.14,77.86,,N/A
2010,South West,E12000009,Region,308305,215533,523838,568861,1162518,597931,1760379,1854603,1470823,813464,2284218,2423464,Invalid,23.47,76.53,23.47,76.53,2468836.0,-1.84
2011,South West,E12000009,Region,286598,213869,500466,544041,1115432,621749,1737180,1849945,1402030,835618,2237646,2393986,Invalid,22.73,77.27,22.73,77.27,2423464.0,-1.22
2012,South West,E12000009,Region,261921,198073,459994,504666,1138993,632821,1771815,1868679,1400915,830893,2231809,2373345,Invalid,21.26,78.74,21.26,78.74,2393986.0,-0.86
2013,South West,E12000009,Region,261079,192718,453797,496617,1170459,641637,1812096,1897482,1431538,834355,2265892,2394099,Invalid,20.74,79.26,20.74,79.26,2373345.0,0.87
2014,South West,E12000009,Region,246179,180255,426435,469976,1276542,649455,1925997,2008243,1522721,829710,2352432,2478219,Invalid,18.96,81.04,18.96,81.04,2394099.0,3.51
2015,South West,E12000009,Region,231457,166853,398310,399270,1327147,661820,1988967,2116354,1558604,828673,2387277,2515624,Valid,15.87,84.13,15.87,84.13,2478219.0,1.51
2016,South West,E12000009,Region,233842,165447,399289,400605,1338127,682135,2020261,2148142,1571969,847582,2419550,2548747,Invalid,15.72,84.28,15.72,84.28,2515624.0,1.32
2017,South West,E12000009,Region,233275,170225,403500,404146,1330922,693927,2024848,2156595,1564197,864152,2428348,2560741,Invalid,15.78,84.22,15.78,84.22,2548747.0,0.47
2018,South West,E12000009,Region,233174,173549,406723,407739,1340695,721704,2062399,2189323,1573869,895253,2469122,2597062,Valid,15.7,84.3,15.7,84.3,2560741.0,1.42
2019,South West,E12000009,Region,237311,167197,404508,406168,1364182,728887,2093069,2229601,1601493,896084,2497577,2635769,Valid,15.41,84.59,15.41,84.59,2597062.0,1.49
2009,Southwark,E09000028,Local Authority,25697,5918,31615,31668,107204,34102,141306,146281,132901,40020,172922,177949,Invalid,17.8,82.2,17.8,82.2,,N/A
2010,Southwark,E09000028,Local Authority,24890,5331,30222,30251,113434,36735,150163,154869,138324,42066,180385,185120,Invalid,16.34,83.66,16.34,83.66,177949.0,4.03
2011,Southwark,E09000028,Local Authority,32409,8012,40421,40569,110555,36716,147271,153573,142964,44728,187692,194142,Valid,20.9,79.1,20.9,79.1,185120.0,4.87
2012,Southwark,E09000028,Local Authority,34616,6967,41583,41649,118411,35289,153700,159797,153027,42256,195283,201447,Valid,20.67,79.32,20.67,79.32,194142.0,3.76
2013,Southwark,E09000028,Local Authority,33675,6619,40294,40321,119387,37558,156946,163037,153062,44178,197240,203358,Invalid,19.83,80.17,19.83,80.17,201447.0,0.95
2014,Southwark,E09000028,Local Authority,33674,6730,40404,40455,132133,37875,170008,175221,165807,44605,210411,215677,Invalid,18.76,81.24,18.76,81.24,203358.0,6.06
2015,Southwark,E09000028,Local Authority,34141,7242,41383,41595,145696,38014,183710,190598,179837,45256,225093,232193,Valid,17.91,82.09,17.91,82.09,215677.0,7.66
2016,Southwark,E09000028,Local Authority,34085,6366,40451,40693,149264,40845,190108,196079,183349,47211,230559,236772,Invalid,17.19,82.81,17.19,82.81,232193.0,1.97
2017,Southwark,E09000028,Local Authority,34914,7765,42679,42773,150375,41482,191858,197179,185290,49247,234537,239952,Invalid,17.83,82.17,17.83,82.17,236772.0,1.34
2018,Southwark,E09000028,Local Authority,34312,6876,41188,41282,155797,43265,199062,204408,190109,50141,240251,245689,Invalid,16.8,83.2,16.8,83.2,239952.0,2.39
2019,Southwark,E09000028,Local Authority,33191,7035,40226,40318,162080,46529,208609,213483,195270,53564,248834,253800,Invalid,15.89,84.11,15.89,84.11,245689.0,3.3
2009,Sutton,E09000029,Local Authority,8815,6273,15088,15197,34256,14109,48365,50490,43071,20382,63454,65686,Invalid,23.14,76.87,23.14,76.87,,N/A
2010,Sutton,E09000029,Local Authority,9433,6301,15734,15808,35414,14626,50039,51719,44847,20927,65773,67527,Invalid,23.41,76.59,23.41,76.59,65686.0,2.8
2011,Sutton,E09000029,Local Authority,8946,6392,15338,15429,36908,15244,52152,54263,45855,21636,67490,69691,Invalid,22.14,77.86,22.14,77.86,67527.0,3.2
2012,Sutton,E09000029,Local Authority,9291,4855,14146,14167,35143,18987,54130,55999,44434,23842,68276,70166,Valid,20.19,79.81,20.19,79.81,69691.0,0.68
2013,Sutton,E09000029,Local Authority,9389,4718,14107,14120,35390,18389,53779,55675,44779,23106,67885,69795,Invalid,20.23,79.77,20.23,79.77,70166.0,-0.53
2014,Sutton,E09000029,Local Authority,8603,4663,13266,13295,35840,19795,55635,57201,44444,24458,68902,70496,Invalid,18.86,81.14,18.86,81.14,69795.0,1.0
2015,Sutton,E09000029,Local Authority,8352,4624,12977,13022,37152,20010,57162,59087,45504,24634,70138,72109,Invalid,18.06,81.94,18.06,81.94,70496.0,2.29
2016,Sutton,E09000029,Local Authority,8637,4955,13592,13704,36907,21192,58098,59817,45544,26147,71690,73522,Invalid,18.64,81.36,18.64,81.36,72109.0,1.96
2017,Sutton,E09000029,Local Authority,8773,5863,14636,14675,36084,20750,56834,58495,44857,26613,71471,73170,Invalid,20.06,79.94,20.06,79.94,73522.0,-0.48
2018,Sutton,E09000029,Local Authority,8462,5357,13819,13831,35460,20058,55517,56961,43921,25415,69336,70792,Invalid,19.54,80.46,19.54,80.46,73170.0,-3.25
2019,Sutton,E09000029,Local Authority,8983,5311,14294,14323,36008,20371,56380,57886,44991,25682,70674,72209,Invalid,19.84,80.16,19.84,80.16,70792.0,2.0
2009,Tower Hamlets,E09000030,Local Authority,30945,7613,38558,39299,135646,30167,165813,169555,166592,37780,204372,208854,Invalid,18.82,81.18,18.82,81.18,,N/A
2010,Tower Hamlets,E09000030,Local Authority,32715,8673,41388,41604,133973,33099,167069,170516,166689,41771,208457,212121,Invalid,19.61,80.39,19.61,80.39,208854.0,1.56
2011,Tower Hamlets,E09000030,Local Authority,33739,8814,42553,42874,156074,34395,190469,194779,189813,43209,233022,237653,Valid,18.04,81.96,18.04,81.96,212121.0,12.04
2012,Tower Hamlets,E09000030,Local Authority,32222,9527,41749,42025,156058,38065,194123,198388,188280,47592,235872,240413,Valid,17.48,82.52,17.48,82.52,237653.0,1.16
2013,Tower Hamlets,E09000030,Local Authority,31385,8928,40313,40319,166986,42864,209850,213873,198371,51792,250163,254192,Valid,15.86,84.14,15.86,84.14,240413.0,5.73
2014,Tower Hamlets,E09000030,Local Authority,33142,8837,41979,42078,170739,42806,213545,217930,203881,51644,255525,260008,Invalid,16.18,83.82,16.18,83.82,254192.0,2.29
2015,Tower Hamlets,E09000030,Local Authority,32392,10864,43255,43293,190877,41442,232319,237620,223269,52306,275574,280913,Invalid,15.41,84.59,15.41,84.59,260008.0,8.04
2016,Tower Hamlets,E09000030,Local Authority,29878,13438,43316,43444,188660,45030,233690,238272,218537,58468,277005,281717,Invalid,15.42,84.58,15.42,84.58,280913.0,0.29
2017,Tower Hamlets,E09000030,Local Authority,30403,15342,45746,45786,196378,48388,244766,249350,226782,63731,290512,295136,Invalid,15.51,84.49,15.51,84.49,281717.0,4.76
2018,Tower Hamlets,E09000030,Local Authority,34359,17219,51578,51865,197631,49260,246891,250774,231990,66479,298469,302638,Valid,17.14,82.86,17.14,82.86,295136.0,2.54
2019,Tower Hamlets,E09000030,Local Authority,34793,18190,52983,53008,203807,47909,251717,256161,238600,66100,304700,309169,Invalid,17.15,82.85,17.15,82.85,302638.0,2.16
2009,Wales,W92000004,Nation,212601,129527,342128,388910,553106,275900,829006,878129,765708,405426,1171134,1267039,Valid,30.69,69.31,30.69,69.31,,N/A
2010,Wales,W92000004,Nation,211748,138180,349928,396820,538363,277228,815592,857464,750111,415408,1165520,1254284,Invalid,31.64,68.36,31.64,68.36,1267039.0,-1.01
2011,Wales,W92000004,Nation,214661,135711,350371,396071,546470,273633,820102,865206,761131,409343,1170473,1261277,Invalid,31.4,68.6,31.4,68.6,1254284.0,0.56
2012,Wales,W92000004,Nation,212909,130426,343335,389047,548361,286493,834855,879701,761270,416919,1178189,1268748,Invalid,30.66,69.34,30.66,69.34,1261277.0,0.59
2013,Wales,W92000004,Nation,206916,139567,346483,387449,560863,279827,840689,887493,767779,419394,1187172,1274941,Invalid,30.39,69.61,30.39,69.61,1268748.0,0.49
2014,Wales,W92000004,Nation,192275,136481,328756,371668,594577,285351,879929,921004,786853,421832,1208684,1292672,Invalid,28.75,71.25,28.75,71.25,1274941.0,1.39
2015,Wales,W92000004,Nation,171414,127341,298755,299047,620323,313162,933485,1022490,791738,440503,1232240,1321537,Invalid,22.63,77.37,22.63,77.37,1292672.0,2.23
2016,Wales,W92000004,Nation,179809,119215,299024,299069,632598,323938,956536,1034431,812407,443154,1255560,1333501,Invalid,22.43,77.57,22.43,77.57,1321537.0,0.91
2017,Wales,W92000004,Nation,184080,112019,296099,296416,620838,324299,945137,1025647,804918,436318,1241236,1322063,Valid,22.42,77.58,22.42,77.58,1333501.0,-0.86
2018,Wales,W92000004,Nation,179855,119938,299793,300117,636883,336458,973342,1061227,816739,456396,1273135,1361344,Invalid,22.05,77.95,22.05,77.95,1322063.0,2.97
2019,Wales,W92000004,Nation,185966,114504,300470,300601,640843,327305,968148,1031180,826809,441809,1268618,1331781,Valid,22.57,77.43,22.57,77.43,1361344.0,-2.17
2009,Waltham Forest,E09000031,Local Authority,9137,4978,14115,14141,27208,12575,39783,41440,36345,17553,53898,55580,Valid,25.44,74.56,25.44,74.56,,N/A
2010,Waltham Forest,E09000031,Local Authority,10558,5053,15611,15623,27184,12253,39434,40929,37742,17306,55045,56553,Invalid,27.63,72.37,27.63,72.37,55580.0,1.75
2011,Waltham Forest,E09000031,Local Authority,10748,4961,15709,15822,29114,12867,41981,43999,39861,17828,57690,59821,Invalid,26.45,73.55,26.45,73.55,56553.0,5.78
2012,Waltham Forest,E09000031,Local Authority,11095,5268,16362,16464,29769,14848,44617,46528,40863,20116,60979,62992,Invalid,26.14,73.86,26.14,73.86,59821.0,5.3
2013,Waltham Forest,E09000031,Local Authority,11598,5252,16850,17034,35030,15544,50574,52511,46628,20796,67424,69545,Valid,24.49,75.51,24.49,75.51,62992.0,10.4
2014,Waltham Forest,E09000031,Local Authority,11293,5261,16554,16661,37639,16497,54135,55828,48931,21758,70689,72489,Invalid,22.98,77.02,22.98,77.02,69545.0,4.23
2015,Waltham Forest,E09000031,Local Authority,10646,4918,15564,15601,36181,16437,52619,54877,46827,21355,68183,70478,Invalid,22.14,77.86,22.14,77.86,72489.0,-2.77
2016,Waltham Forest,E09000031,Local Authority,10049,4403,14451,14460,38140,17012,55152,56975,48189,21414,69604,71435,Invalid,20.24,79.76,20.24,79.76,70478.0,1.36
2017,Waltham Forest,E09000031,Local Authority,10775,4907,15682,15709,38338,18077,56415,58533,49113,22984,72097,74242,Valid,21.16,78.84,21.16,78.84,71435.0,3.93
2018,Waltham Forest,E09000031,Local Authority,12301,4254,16555,16584,37358,18205,55564,57241,49660,22459,72119,73825,Invalid,22.46,77.54,22.46,77.54,74242.0,-0.56
2019,Waltham Forest,E09000031,Local Authority,12494,4468,16962,16980,38025,17648,55673,57331,50519,22116,72635,74311,Valid,22.85,77.15,22.85,77.15,73825.0,0.66
2009,Wandsworth,E09000032,Local Authority,19573,5736,25309,25330,54619,23317,77936,80926,74192,29053,103246,106256,Invalid,23.84,76.16,23.84,76.16,,N/A
2010,Wandsworth,E09000032,Local Authority,20383,5644,26027,26033,53803,22867,76669,79365,74186,28510,102695,105399,Invalid,24.7,75.3,24.7,75.3,106256.0,-0.81
2011,Wandsworth,E09000032,Local Authority,18937,6132,25069,25078,54081,24241,78322,81656,73018,30373,103391,106735,Valid,23.5,76.5,23.5,76.5,105399.0,1.27
2012,Wandsworth,E09000032,Local Authority,18415,6917,25332,25360,56097,26080,82177,85522,74513,32996,107509,110882,Valid,22.87,77.13,22.87,77.13,106735.0,3.89
2013,Wandsworth,E09000032,Local Authority,17205,6717,23921,23924,57955,26751,84706,87585,75160,33467,108627,111509,Invalid,21.45,78.55,21.45,78.55,110882.0,0.57
2014,Wandsworth,E09000032,Local Authority,17340,7289,24628,24636,59850,27511,87361,90058,77189,34800,111989,114693,Invalid,21.48,78.52,21.48,78.52,111509.0,2.86
2015,Wandsworth,E09000032,Local Authority,17704,7656,25360,25395,63507,27581,91088,94335,81210,35237,116447,119730,Invalid,21.21,78.79,21.21,78.79,114693.0,4.39
2016,Wandsworth,E09000032,Local Authority,17737,7369,25105,25115,63093,28788,91881,94460,80829,36157,116986,119575,Invalid,21.0,79.0,21.0,79.0,119730.0,-0.13
2017,Wandsworth,E09000032,Local Authority,17223,8016,25239,25282,62976,31282,94258,97175,80199,39298,119497,122458,Valid,20.65,79.35,20.65,79.35,119575.0,2.41
2018,Wandsworth,E09000032,Local Authority,17974,7799,25772,25805,62214,30693,92907,95306,80188,38491,118679,121111,Invalid,21.31,78.69,21.31,78.69,122458.0,-1.1
2019,Wandsworth,E09000032,Local Authority,18299,7617,25915,25933,63287,30639,93926,96170,81585,38256,119842,122103,Invalid,21.24,78.76,21.24,78.76,121111.0,0.82
2009,West Midlands,E12000005,Region,303381,207067,510448,534217,1251838,539989,1791827,1869272,1555220,747055,2302275,2403489,Valid,22.23,77.77,22.23,77.77,,N/A
2010,West Midlands,E12000005,Region,321549,218925,540474,564997,1227123,544133,1771257,1835589,1548672,763058,2311731,2400586,Invalid,23.54,76.46,23.54,76.46,2403489.0,-0.12
2011,West Midlands,E12000005,Region,303394,216809,520204,543783,1253675,527628,1781303,1857195,1557069,744437,2301507,2400978,Invalid,22.65,77.35,22.65,77.35,2400586.0,0.02
2012,West Midlands,E12000005,Region,284639,202118,486757,511111,1275920,560233,1836152,1909935,1560558,762351,2322909,2421046,Invalid,21.11,78.89,21.11,78.89,2400978.0,0.84
2013,West Midlands,E12000005,Region,289212,198203,487415,511131,1297593,554928,1852521,1920404,1586805,753131,2339936,2431535,Valid,21.02,78.98,21.02,78.98,2421046.0,0.43
2014,West Midlands,E12000005,Region,276884,180903,457787,481645,1375035,571149,1946184,2005107,1651919,752052,2403970,2486752,Invalid,19.37,80.63,19.37,80.63,2431535.0,2.27
2015,West Midlands,E12000005,Region,264869,169698,434642,435724,1441913,587978,2029896,2111121,1706783,757676,2464538,2546846,Invalid,17.11,82.89,17.11,82.89,2486752.0,2.42
2016,West Midlands,E12000005,Region,265397,168415,433812,434297,1440959,630605,2071563,2151976,1706356,799020,2505375,2586273,Invalid,16.79,83.21,16.79,83.21,2546846.0,1.55
2017,West Midlands,E12000005,Region,265691,169278,434969,436783,1478165,665386,2143551,2227697,1743856,834664,2578520,2664480,Valid,16.39,83.61,16.39,83.61,2586273.0,3.02
2018,West Midlands,E12000005,Region,266425,163945,430370,431126,1487674,642695,2130369,2210911,1754100,806640,2560739,2642037,Invalid,16.32,83.68,16.32,83.68,2664480.0,-0.84
2019,West Midlands,E12000005,Region,263165,165883,429048,429739,1466548,697744,2164292,2247066,1729713,863627,2593340,2676805,Valid,16.05,83.95,16.05,83.95,2642037.0,1.32
2009,Westminster,E09000033,Local Authority,78116,13050,91166,91909,398802,120676,519478,541053,476918,133727,610645,632963,Invalid,14.52,85.48,14.52,85.48,,N/A
2010,Westminster,E09000033,Local Authority,83681,12745,96427,97557,398114,115617,513712,533887,481795,128362,610139,631444,Invalid,15.45,84.55,15.45,84.55,632963.0,-0.24
2011,Westminster,E09000033,Local Authority,71788,14389,86176,86844,407943,127053,534996,557355,479731,141441,621172,644200,Invalid,13.48,86.52,13.48,86.52,631444.0,2.02
2012,Westminster,E09000033,Local Authority,78376,10620,88996,89574,418569,131217,549786,576693,496944,141837,638782,666266,Invalid,13.44,86.56,13.44,86.56,644200.0,3.43
2013,Westminster,E09000033,Local Authority,83369,10923,94292,95131,441433,129514,570947,598276,524803,140437,665239,693407,Invalid,13.72,86.28,13.72,86.28,666266.0,4.07
2014,Westminster,E09000033,Local Authority,82582,10360,92942,93289,457360,130693,588053,608819,539941,141053,680995,702108,Invalid,13.29,86.71,13.29,86.71,693407.0,1.25
2015,Westminster,E09000033,Local Authority,82634,11573,94206,95383,470251,134641,604893,631117,552885,146214,699099,726500,Invalid,13.13,86.87,13.13,86.87,702108.0,3.47
2016,Westminster,E09000033,Local Authority,81142,10973,92115,92536,472910,135969,608880,631377,554052,146942,700994,723913,Invalid,12.78,87.22,12.78,87.22,726500.0,-0.36
2017,Westminster,E09000033,Local Authority,87796,11846,99642,99898,458105,141434,599539,620737,545901,153281,699181,720635,Invalid,13.86,86.14,13.86,86.14,723913.0,-0.45
2018,Westminster,E09000033,Local Authority,86271,12436,98707,98861,472792,143475,616268,635393,559063,155911,714975,734254,Invalid,13.46,86.54,13.46,86.54,720635.0,1.89
2019,Westminster,E09000033,Local Authority,92067,11843,103911,104700,487625,145171,632797,651332,579693,157015,736708,756031,Invalid,13.85,86.15,13.85,86.15,734254.0,2.97
2009,Yorkshire and The Humber,E12000003,Region,333458,198761,532219,554045,1122332,569863,1692195,1775076,1455790,768624,2224415,2329121,Invalid,23.79,76.21,23.79,76.21,,N/A
2010,Yorkshire and The Humber,E12000003,Region,340788,218866,559654,581756,1125919,516723,1642642,1707233,1466707,735588,2202296,2288989,Invalid,25.42,74.58,25.42,74.58,2329121.0,-1.72
2011,Yorkshire and The Humber,E12000003,Region,317360,212266,529625,551327,1144640,509951,1654590,1722783,1462000,722217,2184216,2274110,Invalid,24.24,75.76,24.24,75.76,2288989.0,-0.65
2012,Yorkshire and The Humber,E12000003,Region,291353,202979,494332,515802,1148885,520540,1669424,1733055,1440238,723519,2163757,2248856,Invalid,22.94,77.06,22.94,77.06,2274110.0,-1.11
2013,Yorkshire and The Humber,E12000003,Region,300856,185386,486242,507047,1170098,536501,1706598,1777346,1470953,721887,2192840,2284393,Invalid,22.2,77.8,22.2,77.8,2248856.0,1.58
2014,Yorkshire and The Humber,E12000003,Region,282011,177839,459851,481328,1242834,558512,1801346,1860534,1524845,736351,2261197,2341861,Invalid,20.55,79.45,20.55,79.45,2284393.0,2.52
2015,Yorkshire and The Humber,E12000003,Region,274504,175898,450402,451161,1294666,585265,1879930,1963706,1569170,761163,2330332,2414867,Invalid,18.68,81.32,18.68,81.32,2341861.0,3.12
2016,Yorkshire and The Humber,E12000003,Region,271781,174397,446178,447136,1284904,609060,1893965,1971993,1556685,783457,2340143,2419129,Invalid,18.48,81.52,18.48,81.52,2414867.0,0.18
2017,Yorkshire and The Humber,E12000003,Region,271779,168719,440498,441264,1323059,613183,1936241,2021891,1594838,781902,2376739,2463155,Invalid,17.91,82.09,17.91,82.09,2419129.0,1.82
2018,Yorkshire and The Humber,E12000003,Region,276325,167985,444310,445087,1327673,625828,1953500,2044618,1603998,793813,2397810,2489706,Invalid,17.88,82.12,17.88,82.12,2463155.0,1.08
2019,Yorkshire and The Humber,E12000003,Region,274083,173943,448026,448084,1321628,631404,1953032,2044179,1595711,805347,2401058,2492263,Valid,17.98,82.02,17.98,82.02,2489706.0,0.1
